filename,width,height,class,xmin,ymin,xmax,ymax
118_26_jpg.rf.53ca464ca08a3d51399459ee7bed1704.jpg,640,750,happy,123,211,527,656
125_3_jpg.rf.737e00165a94217e9b4b78ec019ff121.jpg,640,750,neutral,89,152,564,670
125_33_jpg.rf.4125b4d75b1569aaacbaae8ab013a15c.jpg,640,750,happy,101,130,564,689
55_5_jpg.rf.0a420e944defe35967de57f3acd74c42.jpg,640,750,neutral,159,192,547,636
105_32_jpg.rf.7cb302e4472e765512c81f543889e173.jpg,640,750,happy,99,189,486,655
39_2_jpg.rf.b6694effd1fba5c9b431bed768b7f358.jpg,640,750,neutral,85,162,552,696
14_23_jpg.rf.076aa722089588c541cc215ecc6fb18f.jpg,640,750,sad,152,230,509,631
82_24_jpg.rf.c62f728402cc99676d41716069106b9c.jpg,640,750,sad,100,203,556,727
39_2_jpg.rf.b8c1de34a7bad27a99f10d6cc2bfb06e.jpg,640,750,neutral,144,196,516,659
64_10_jpg.rf.6929b8ab5461e84bea9063b7b8153ed5.jpg,640,750,happy,197,236,570,630
139_9_jpg.rf.8736cbbd8cd34e08c4e1c29463cc286b.jpg,640,750,neutral,82,212,413,657
29_34_jpg.rf.e5f93c8f3efe0bfccaeab8beaa18e858.jpg,640,750,happy,33,147,494,689
32_1_jpg.rf.f013a33e9dbbada547065c30ede6b9c9.jpg,640,750,happy,164,113,615,684
70_25_jpg.rf.3c6cf9c65bb95f46fbc39f5e5868e31a.jpg,640,750,happy,24,89,542,678
30_7_jpg.rf.faf137ea466f2baf851376bc20b131e7.jpg,640,750,neutral,0,114,540,709
118_28_jpg.rf.4d79d92b057ac499713c441f00252a7b.jpg,640,750,happy,25,153,546,706
4_27_jpg.rf.fc189c560efa4843a53c22b8b7d33b76.jpg,640,750,neutral,115,207,523,650
95_24_jpg.rf.dbe9750adc3d42ecd19f9c0603b35ef5.jpg,640,750,neutral,80,133,562,660
47_31_jpg.rf.e3fdfd77e7c10a44f04d22d58ebfca55.jpg,640,750,neutral,0,60,607,668
43_11_jpg.rf.ec67f273a08cc73f73ec5f2121cf70cc.jpg,640,750,sad,91,130,583,702
25_31_jpg.rf.713237d399919e17a342e19a5a13ab7a.jpg,640,750,happy,100,165,563,685
68_23_jpg.rf.2688da0a4673f1fe1204587da741f535.jpg,640,750,sad,109,228,435,631
97_15_jpg.rf.b9f9e01b985a1bbc5d3784b16978e615.jpg,640,750,neutral,92,157,543,660
47_26_jpg.rf.3dd897b336434be441d54be3aad4d6b7.jpg,640,750,happy,14,151,452,680
72_24_jpg.rf.9a2734e9ed0cef29c5a956935410cba8.jpg,640,750,happy,156,95,615,654
68_9_jpg.rf.b67efd54a3ac49889c0ad2bfdf3c5873.jpg,640,750,neutral,198,203,556,639
32_1_jpg.rf.9f0d262f4a9a42b356aa58a0f13ab26a.jpg,640,750,happy,215,193,550,656
89_9_jpg.rf.40c65e8b7000bd73829e0b2da3fd9231.jpg,640,750,happy,98,193,434,653
64_8_jpg.rf.453fb19a88075eae23994abf384f4133.jpg,640,750,sad,141,193,558,634
120_28_jpg.rf.45630e8c38862d15cf5446bbe3571d8c.jpg,640,750,neutral,136,200,517,629
72_4_jpg.rf.cf5cdba3dcbee207acb602e5c9e76f42.jpg,640,750,neutral,88,191,481,648
38_11_jpg.rf.2fe1897e765f5cfc8776f49861a4de92.jpg,640,750,happy,131,170,505,637
25_31_jpg.rf.522d04b112c4812206e81a568fced7ae.jpg,640,750,happy,150,229,504,645
62_4_jpg.rf.b151a3eea4a0e670486c7b88b74fe5f5.jpg,640,750,neutral,109,173,589,684
89_9_jpg.rf.e47dbb92aa8301cc4a8334b1b553d6f4.jpg,640,750,happy,70,177,502,710
117_1_jpg.rf.ebe988290a875c2d87ef3c7da79cb547.jpg,640,750,sad,147,176,580,677
3_21_jpg.rf.d955394422a4be8924e701dcda2950cf.jpg,640,750,neutral,84,176,515,652
33_22_jpg.rf.7b457be922a56a32b95de32e9a6cc7a5.jpg,640,750,happy,95,209,493,655
29_34_jpg.rf.50c5765bee930633ed1362fe9b9cca41.jpg,640,750,happy,82,198,442,649
49_26_jpg.rf.90b4db1ad8438a1af16b58e686d2846f.jpg,640,750,sad,64,196,573,722
1_30_jpg.rf.59ac6bf5e8b1e24d2e3a90937578d110.jpg,640,750,happy,50,148,557,734
118_4_jpg.rf.1560c8cfc70008f7ff3441004b9691e0.jpg,640,750,neutral,58,191,565,713
21_24_jpg.rf.86ec1a0fac7ab01619483977f6a27103.jpg,640,750,happy,86,151,503,691
92_30_jpg.rf.cae7819d0f8cf20ca800fcdede90f1af.jpg,640,750,sad,172,203,539,645
118_1_jpg.rf.30e2cc225d0b7548ec81e0225c1625e6.jpg,640,750,sad,82,189,551,661
49_26_jpg.rf.3c0b6519a675021e24ba19bfdb2c42ef.jpg,640,750,sad,13,179,497,681
72_24_jpg.rf.e9f92d72a2dc5eb5ad4ae572a798f8df.jpg,640,750,happy,102,178,440,636
106_6_jpg.rf.9c8ac6c3bbfe4c7d3a564c6e81c25e7e.jpg,640,750,neutral,94,217,450,639
3_21_jpg.rf.5ad5a43da0187f52e063b648b2854074.jpg,640,750,neutral,37,128,545,676
0_5_jpg.rf.42cdba5e03b96b53f4669ae4480ee7c3.jpg,640,750,neutral,131,195,506,634
137_2_jpg.rf.33f1b60ea4ef307eecbd6c4285aad095.jpg,640,750,neutral,147,169,598,677
124_2_jpg.rf.a96e21a0f6e00b217c85c050bfa6c272.jpg,640,750,sad,138,204,547,645
45_28_jpg.rf.c460712300ae87c716e212053660e482.jpg,640,750,sad,7,185,502,708
35_13_jpg.rf.8578fad6e3634ca3e866f18365b8ad42.jpg,640,750,happy,202,208,553,650
133_18_jpg.rf.206426d06523fc08616b9f4bf3bde73e.jpg,640,750,happy,36,134,542,723
68_23_jpg.rf.2869d21a739f129e6b812d2b07d178be.jpg,640,750,sad,70,199,436,642
50_5_jpg.rf.45924365c96c8d5153064bef545bc597.jpg,640,750,happy,154,174,579,676
118_1_jpg.rf.e723f1e4f97c98ff07eebcc5d67da35a.jpg,640,750,sad,55,152,579,679
40_28_jpg.rf.76ba1207c3d92d5dff826279c95f36c3.jpg,640,750,sad,65,192,504,681
117_17_jpg.rf.52c5e458238020f9bb409f7ab93cbeb8.jpg,640,750,happy,187,181,557,646
93_19_jpg.rf.6d00e122d59d49e886bd4126e0611fa1.jpg,640,750,happy,196,187,591,659
117_17_jpg.rf.4ce49a244616b2fc0ce06a6a729ae659.jpg,640,750,happy,168,165,589,674
42_5_jpg.rf.731b8c5bf4e689a33133a0b4074cf334.jpg,640,750,happy,99,240,430,665
102_29_jpg.rf.cf4935728ebf2cebfed13a1f911bf1e8.jpg,640,750,neutral,118,143,614,693
28_31_jpg.rf.8c22034991ab2e37edc41089bd1ff6e9.jpg,640,750,happy,57,177,502,699
40_28_jpg.rf.be88c6c018b2a64c0cebec8068b38be3.jpg,640,750,sad,38,186,506,698
124_2_jpg.rf.c4d08aca5ce6a2291ba9621b4a57ac45.jpg,640,750,sad,144,213,531,634
28_17_jpg.rf.46f2b3d17ff344ed4d913957465656d4.jpg,640,750,sad,118,145,537,641
33_22_jpg.rf.0b1adf1423aefcc53bf1fa715f7d97c9.jpg,640,750,happy,94,178,575,697
47_26_jpg.rf.ba560bbd3ea733a564100e6423eb2afa.jpg,640,750,happy,73,193,415,641
38_11_jpg.rf.3fc6e1586bda5319a3fbb1b4e6f290e8.jpg,640,750,happy,81,135,600,731
127_2_jpg.rf.7776b61e8fb8ce478ea4c7463cef0367.jpg,640,750,neutral,85,130,546,658
1_30_jpg.rf.88be4025d9e2a88b648d2977e92c869a.jpg,640,750,happy,122,184,530,678
28_17_jpg.rf.f9e85c28e7e473a706b8dd6dc709ecfb.jpg,640,750,sad,35,126,553,718
14_23_jpg.rf.b67a68d85fb5668493fccedac23319d0.jpg,640,750,sad,90,168,538,656
36_13_jpg.rf.1a1ece22d15248d3b93af444edfb61d8.jpg,640,750,happy,96,176,541,654
130_2_jpg.rf.4a4e280a1f2de79e5bdd058b5409fc4e.jpg,640,750,sad,63,106,546,670
106_6_jpg.rf.6fa539a6040302acb260360cce022299.jpg,640,750,neutral,77,213,493,694
72_4_jpg.rf.c9fa2bf5f4703245e406818797a3c301.jpg,640,750,neutral,104,211,439,610
128_29_jpg.rf.38c9ceb20072c78fa76fcc9acd72d43e.jpg,640,750,happy,210,222,539,650
28_31_jpg.rf.2a3fbad5df3d7c2c221dc3112ae8e34c.jpg,640,750,happy,174,151,631,690
48_29_jpg.rf.d082ac2ed5446bf277ac550f3aa431ca.jpg,640,750,happy,162,177,603,701
130_11_jpg.rf.66f7553ca94d95ac2350df58db71485c.jpg,640,750,happy,160,169,549,646
78_2_jpg.rf.ac27701422f5d72e1de3626ab21e276f.jpg,640,750,happy,31,148,531,708
21_5_jpg.rf.5bcc9f936ada58558719a07590627f0e.jpg,640,750,neutral,143,190,503,666
75_0_jpg.rf.72b3ce0d99e54f63af1eeca17a1ff9f8.jpg,640,750,sad,62,161,561,694
23_11_jpg.rf.cc4a717a0d007d8c7606dbf849f5401b.jpg,640,750,happy,93,160,544,666
3_21_jpg.rf.6531b608a6db621bb3773c8455901951.jpg,640,750,neutral,132,193,529,635
38_30_jpg.rf.2144a009f1930976ad65e81330029aec.jpg,640,750,neutral,86,127,534,667
82_24_jpg.rf.ab1fb50bd786d8d8030df54478bd73d8.jpg,640,750,sad,99,208,474,651
35_13_jpg.rf.cb56b50eddbc785f97fa2b0f04d33b58.jpg,640,750,happy,59,180,434,652
0_5_jpg.rf.1a4e90e6b2b0837d062773051f3b1973.jpg,640,750,neutral,117,184,509,642
118_4_jpg.rf.8979de2146e0e5cfd4c2fee093ecd2df.jpg,640,750,neutral,116,229,518,649
130_11_jpg.rf.e47662489b589db3075f841c4ed42873.jpg,640,750,happy,26,119,528,693
49_26_jpg.rf.b4915dacb6d1b0b106090dca57938891.jpg,640,750,sad,98,228,477,628
133_18_jpg.rf.c2a823d2c59356940dd32101ec71334b.jpg,640,750,happy,94,158,488,648
93_19_jpg.rf.f5a2328595467c9a22efe7e6ef03d5c2.jpg,640,750,happy,220,227,552,644
42_7_jpg.rf.062555e18733e0df9e050e2e4694ff35.jpg,640,750,happy,126,245,587,721
73_6_jpg.rf.f787bd7dc459d41eaafa5f00bd626d65.jpg,640,750,neutral,114,211,544,689
39_8_jpg.rf.fd7cd5d304987fde4ff6378644ed3fd8.jpg,640,750,sad,174,135,611,665
97_15_jpg.rf.e9e8d035d5827eaf0d3cbbf5312939eb.jpg,640,750,neutral,37,111,627,744
121_17_jpg.rf.9f3f189a3ce78ce44c3679cf91c68321.jpg,640,750,happy,102,146,583,697
47_26_jpg.rf.348270091247669e1972ed1e5e317567.jpg,640,750,happy,185,142,610,658
119_32_jpg.rf.cc0bf183cc0e8e59186d873db0be877a.jpg,640,750,sad,176,167,597,634
128_20_jpg.rf.c7f45aa898cfc98e518c35198e93d76e.jpg,640,750,neutral,80,167,558,670
123_24_jpg.rf.90f9ff1a412af8434874ba32eb6157b5.jpg,640,750,neutral,157,198,536,644
86_18_jpg.rf.86176359286c36e9dd0e1c6a76cf06ec.jpg,640,750,sad,187,263,548,640
102_29_jpg.rf.0e45118647366362245897ef80c23944.jpg,640,750,neutral,37,138,516,691
111_23_jpg.rf.d8cad39790b8f80f3c4a207a9df61336.jpg,640,750,sad,160,253,481,631
0_9_jpg.rf.61988f3436ad28964946a76c42f6d6bb.jpg,640,750,sad,128,181,545,655
119_32_jpg.rf.90be6fe19b7f11ce92e3a1eb0ac77c0a.jpg,640,750,sad,96,216,428,612
4_27_jpg.rf.cc8b37f8c9962f8ee6ad8d9c548fd1b9.jpg,640,750,neutral,75,168,564,692
106_6_jpg.rf.20c707df6e46c9f46301dec65786371b.jpg,640,750,neutral,92,182,474,634
129_22_jpg.rf.dd81a5f3e60bccc67971e64c07483890.jpg,640,750,happy,83,211,499,681
35_23_jpg.rf.4365de4c60d6b2863b477d836c9325dd.jpg,640,750,happy,13,155,509,723
35_26_jpg.rf.905b7ffa3239e86811abe5b9bd72edcd.jpg,640,750,happy,148,199,518,656
139_9_jpg.rf.f1109b750189694eed2fc0c973e208a9.jpg,640,750,neutral,11,150,464,690
35_13_jpg.rf.5eff2ebc5cd8ef996ca18f4c63af39f9.jpg,640,750,happy,35,136,490,668
127_2_jpg.rf.3c0ac357db0612afb16724c99bea5da2.jpg,640,750,neutral,156,189,501,616
70_25_jpg.rf.d0db16be1993087d78f507f16ba2943f.jpg,640,750,happy,97,158,489,635
38_30_jpg.rf.ebeae042c1ff7375d6b17f7636576ae3.jpg,640,750,neutral,98,129,541,664
62_4_jpg.rf.cbcfc510c3d00afd46f51094467b66ed.jpg,640,750,neutral,137,238,504,647
33_22_jpg.rf.7da1c069f9d2b9a6dcb354ce79bb632f.jpg,640,750,happy,34,157,538,697
137_2_jpg.rf.83b180cf76af4e7b0d8278ec14288bb4.jpg,640,750,neutral,106,121,606,676
129_17_jpg.rf.19e3fdb4a13714500489e36cfd68bf15.jpg,640,750,sad,134,229,545,676
43_11_jpg.rf.6190f73223537a73f7750f85292437c1.jpg,640,750,sad,50,116,498,677
92_30_jpg.rf.9b4d17e6493ef5c8b3e01d25bf5f089c.jpg,640,750,sad,90,194,479,656
29_34_jpg.rf.4bbde663afb8fb6e640e133111fc75eb.jpg,640,750,happy,192,195,564,657
48_29_jpg.rf.4b206657b5a3814aebe19f1b97d0830c.jpg,640,750,happy,185,193,547,654
101_24_jpg.rf.c2c6a6f271360c8bae255aca6993b2aa.jpg,640,750,happy,102,177,517,662
55_5_jpg.rf.3134e92d77eb5eb49ce3c221e4c96d95.jpg,640,750,neutral,114,130,627,687
64_10_jpg.rf.6521b983f1533a640e12fc22337b2f21.jpg,640,750,happy,0,157,464,642
127_2_jpg.rf.4b13ef91501650b8538419f414b5d6ac.jpg,640,750,neutral,142,146,520,610
23_11_jpg.rf.68d654a063ea54264440933a6bd823e9.jpg,640,750,happy,121,207,496,641
114_29_jpg.rf.cc7852acd2cbfe19aa0aa8d0efa79769.jpg,640,750,neutral,48,180,448,666
64_8_jpg.rf.9e9cb9d7636b5c794c68bf55c98bb174.jpg,640,750,sad,87,177,600,711
33_11_jpg.rf.8ee7ab4313bd71222c9c6d1c99d3f949.jpg,640,750,happy,35,180,505,703
118_26_jpg.rf.fa5cfe02fc50bbebabc9d2f66705e085.jpg,640,750,happy,85,189,548,690
84_14_jpg.rf.268409a91b5fdf1fb0a444626e91a28c.jpg,640,750,happy,63,118,544,695
103_3_jpg.rf.12b2ad47b5b2ce63f23ce2ed7ac10a8e.jpg,640,750,happy,79,206,485,669
112_11_jpg.rf.c9547280ae45d350f2cc7b0f8be7851b.jpg,640,750,neutral,102,179,529,666
64_10_jpg.rf.2aff8f4b78780b6f5208b596b69b3589.jpg,640,750,happy,162,167,637,657
14_23_jpg.rf.d1dcbdeed51ee1aa2cdfea8e213b94e6.jpg,640,750,sad,94,217,539,702
20_3_jpg.rf.f7053d8182e4e9f6fb951b05405d92f9.jpg,640,750,sad,137,142,553,652
17_23_jpg.rf.784c5786fcc8285d211c69f97742b546.jpg,640,750,happy,63,179,551,699
64_8_jpg.rf.cb99a5fe2dd1fdd5eb7dc9410c35e16c.jpg,640,750,sad,120,153,625,680
63_30_jpg.rf.af40ac62161c6b891a154efeb6b8ba76.jpg,640,750,neutral,82,203,435,671
78_8_jpg.rf.3fb157ad9cca2309dc9aafcca865c96c.jpg,640,750,sad,75,134,525,656
4_22_jpg.rf.ec35603ffbcb6a96285c291b01d72dea.jpg,640,750,sad,95,192,528,660
13_1_jpg.rf.eda4850f69738adaad64f9ee6c334ddb.jpg,640,750,neutral,122,222,539,697
42_7_jpg.rf.734d563669ccc502629629bd84ebc855.jpg,640,750,happy,169,204,584,637
103_3_jpg.rf.53be2538a2ce65d0c588574dd4f3b00c.jpg,640,750,happy,29,167,522,711
97_3_jpg.rf.a9db46c3367f0dfa466258a601963818.jpg,640,750,happy,0,93,587,750
101_24_jpg.rf.8e435bcfda1b15a738bdb7c3e5495f6c.jpg,640,750,happy,115,185,522,664
78_2_jpg.rf.2f26b0a17819489b3d9f8e25366e8c1b.jpg,640,750,happy,87,204,461,654
108_22_jpg.rf.62c9511a5ddd5594609da3ed737b4be6.jpg,640,750,sad,72,160,575,732
38_30_jpg.rf.d472eb7274ac48b14ee11d08bb452600.jpg,640,750,neutral,129,158,497,631
2_32_jpg.rf.5b881335c057b4abc5900e76f6011972.jpg,640,750,happy,60,214,419,659
62_34_jpg.rf.c27b989ee82dddb78099ca27a060dd03.jpg,640,750,happy,149,267,539,693
30_7_jpg.rf.12ab52097c3126e556efd87bb015d141.jpg,640,750,neutral,0,123,505,731
12_8_jpg.rf.0b644a746c27c6d96492b1cb1d305d62.jpg,640,750,sad,93,165,526,644
48_22_jpg.rf.d4feee7c320c3d96e27735a3b75921ed.jpg,640,750,neutral,176,215,566,671
85_24_jpg.rf.82130f01e403f1ff65942551af3b2fba.jpg,640,750,neutral,50,42,640,704
19_30_jpg.rf.75648495eddf46d2afc1c446e3886850.jpg,640,750,sad,107,204,535,683
39_2_jpg.rf.d3c00c08309e3ab46fc3bc2581b408bb.jpg,640,750,neutral,108,181,535,691
103_3_jpg.rf.3cab9f407f2d389912e39f2b23d531d6.jpg,640,750,happy,95,149,584,694
50_5_jpg.rf.32b159fd2ffe1bc225fb52ffe6f36f64.jpg,640,750,happy,206,199,543,635
118_4_jpg.rf.5be92214bc06e9e2f8962561ab744852.jpg,640,750,neutral,56,184,548,689
105_32_jpg.rf.6b71f63175f71376ae60e6d1a4a2229b.jpg,640,750,happy,136,167,567,670
40_31_jpg.rf.19ea0d5dccbf9c5a21a39beb3be44388.jpg,640,750,sad,74,222,450,648
58_12_jpg.rf.a5a468d5e4094990b53bff863df19449.jpg,640,750,happy,160,148,640,666
125_33_jpg.rf.4eda72ef468fa7b2035f79962691d30b.jpg,640,750,happy,151,185,587,723
120_28_jpg.rf.ce2e7bdfb0978f38d2d4d2509d2cd53b.jpg,640,750,neutral,100,154,551,650
1_30_jpg.rf.dadd257c80f84809dcdf9316125298f9.jpg,640,750,happy,70,139,587,721
84_34_jpg.rf.52597b1c16b31741ea9ce7cd0a8e1c91.jpg,640,750,sad,169,179,567,675
93_19_jpg.rf.8c3e381512d821549addfb28397ce12a.jpg,640,750,happy,62,208,466,684
102_15_jpg.rf.f9674145ffb975096df35baee4ccdf62.jpg,640,750,neutral,92,100,640,712
68_23_jpg.rf.00d5749d351c0ec3885e1e38328d33e8.jpg,640,750,sad,196,216,544,638
85_24_jpg.rf.62d40966b318bf599414f184e1015b79.jpg,640,750,neutral,27,16,640,704
128_29_jpg.rf.59e2a30a51d348ff2f38f345d394bf9d.jpg,640,750,happy,199,221,541,665
74_34_jpg.rf.f20b91c9fde9c210e8b650943329e581.jpg,640,750,sad,144,167,599,664
55_5_jpg.rf.173a2e2e1020528160bc6e00128ba0d4.jpg,640,750,neutral,117,187,573,698
117_1_jpg.rf.3cfcbfddcc85848f70838270157350bf.jpg,640,750,sad,21,162,472,690
61_11_jpg.rf.61299974d1aea4996896913cf7eda28a.jpg,640,750,neutral,136,130,569,645
27_17_jpg.rf.1d7a96f3b8168e9c82b71533c5a4b3d2.jpg,640,750,neutral,140,179,600,709
85_7_jpg.rf.7e4af46c40ad9966c2068a117ba2f98d.jpg,640,750,happy,18,149,502,682
47_31_jpg.rf.5d02afdd0fd9ca5d714eb823f9940fc9.jpg,640,750,neutral,0,32,640,707
92_30_jpg.rf.535173336e6f179e7326d45df83f0eee.jpg,640,750,sad,98,192,481,650
133_18_jpg.rf.eec5d3b3a4efe6a38948902e187b8efd.jpg,640,750,happy,30,103,558,708
21_24_jpg.rf.0445fa189a5a75c1e11c3b57f95db17d.jpg,640,750,happy,111,177,487,678
111_23_jpg.rf.85b34c5f125cf886e53d38e803da6ddd.jpg,640,750,sad,135,178,560,649
123_24_jpg.rf.59532795224274bfce1ff3b06a975c4d.jpg,640,750,neutral,72,182,528,700
89_21_jpg.rf.792f85d438f1aea7c22c556ca136dd7f.jpg,640,750,sad,67,172,486,659
118_28_jpg.rf.d601b5f550c6e3b97c5e08002241ada7.jpg,640,750,happy,90,198,511,656
41_33_jpg.rf.8a52382d794eca10204f59fee1384029.jpg,640,750,happy,0,144,567,727
61_8_jpg.rf.32264aced3bebee2b870c87a1358024b.jpg,640,750,happy,37,145,549,743
130_11_jpg.rf.2a23d2fa9a5c746f40ca1d377c4a0a3a.jpg,640,750,happy,149,156,565,655
117_17_jpg.rf.4208b31a7fb5d2b00486df30f79a169b.jpg,640,750,happy,30,129,507,695
95_24_jpg.rf.3d633cb8994ee9b27d6b94fe36ec0362.jpg,640,750,neutral,95,167,559,671
48_22_jpg.rf.a1cec0742329543a2a77b8af8e39f0cf.jpg,640,750,neutral,151,183,575,661
75_0_jpg.rf.8f2a5f50eebdf143abea1f1a7c6221e1.jpg,640,750,sad,93,229,499,679
4_8_jpg.rf.cffea63d9dc8cc16e8ec69b62201054e.jpg,640,750,neutral,130,167,599,675
89_21_jpg.rf.0eb99351fadc42d1f86bbfd2087c638d.jpg,640,750,sad,201,227,536,632
54_3_jpg.rf.68be098ee16caeaad6c716b8b700156e.jpg,640,750,sad,111,164,600,720
38_11_jpg.rf.8892ac19615242d4df61241f43fc4d73.jpg,640,750,happy,100,144,553,691
63_30_jpg.rf.6a84b710cab09cd48e65c72c0e600926.jpg,640,750,neutral,28,168,453,687
4_22_jpg.rf.6a7ad84a196ab580fffdb1bb3cb747f1.jpg,640,750,sad,67,168,544,672
71_16_jpg.rf.e4e6d4a990882a2d7e425944973bd2ea.jpg,640,750,neutral,66,197,521,681
40_31_jpg.rf.66509b6ba27c4d601002fd75dfec6cac.jpg,640,750,sad,206,227,548,623
41_33_jpg.rf.5c6a894159ce425c840a14c0bc54d33d.jpg,640,750,happy,16,188,558,744
68_9_jpg.rf.5abc6a59c7e1fb04ebe8c52d0cf97c4e.jpg,640,750,neutral,55,169,470,647
136_10_jpg.rf.528b5d3eddd9ca59a2959dc0977c3527.jpg,640,750,happy,154,166,578,670
45_28_jpg.rf.c8b78c8eb1657e05307effa7431a3e54.jpg,640,750,sad,163,176,619,658
26_4_jpg.rf.8bd1b620222994d5c6a48ecdf4e349ad.jpg,640,750,happy,151,179,555,681
7_10_jpg.rf.8d241dc8e1f26ad6bcc514959c5e6666.jpg,640,750,happy,18,160,511,690
114_29_jpg.rf.ff0716eb5ac937a994f341e4a0d99e61.jpg,640,750,neutral,63,223,443,695
74_34_jpg.rf.f3dc4a25a7b000211161e1fa2e65d990.jpg,640,750,sad,127,150,606,669
33_11_jpg.rf.73bd16343970023b7d34675297025827.jpg,640,750,happy,104,178,580,707
93_11_jpg.rf.cfd74119f634c587acaeca3a5d752162.jpg,640,750,neutral,27,52,640,732
108_27_jpg.rf.f2acef09112aa76a42087a8c070df126.jpg,640,750,happy,57,147,506,687
35_26_jpg.rf.8638b9ea038b383e92b051eefddc80a4.jpg,640,750,happy,103,154,575,704
36_13_jpg.rf.88c46bdc1edc6a813e05a0a431326540.jpg,640,750,happy,45,191,544,718
118_1_jpg.rf.d696e65cdba13db5055d42774f492a56.jpg,640,750,sad,37,146,625,736
92_4_jpg.rf.4e1d062bc9c95b59e6b26b58abb268d2.jpg,640,750,sad,83,186,506,678
123_1_jpg.rf.f643b0c0df2384d3a0e7d898d20ca028.jpg,640,750,neutral,59,172,492,684
25_17_jpg.rf.9436c5361d5cc26630657b5e6f2cceb7.jpg,640,750,neutral,27,93,631,676
95_22_jpg.rf.59ea867f885cc3b28eb89114af204c74.jpg,640,750,happy,0,2,640,740
42_15_jpg.rf.f09ddfa8ba8dc7bb8622827fc0270901.jpg,640,750,sad,107,203,521,655
74_34_jpg.rf.316b6a4f64ac31e06e0193171567f86a.jpg,640,750,sad,88,203,466,628
87_6_jpg.rf.13f61d0c10d64be836f5637d07d8d626.jpg,640,750,happy,81,121,606,687
106_32_jpg.rf.5cf2625d370bc6e7ceb14d2fce39e7db.jpg,640,750,sad,83,188,516,650
56_6_jpg.rf.6d594569456b8968158b89bc9295058c.jpg,640,750,happy,155,186,587,737
58_12_jpg.rf.3c401dafa9e95f8eb4e855a3b4ab5fc5.jpg,640,750,happy,176,205,582,636
125_3_jpg.rf.0611bf59222ae9c26d918013fafb13ee.jpg,640,750,neutral,106,183,514,637
64_28_jpg.rf.034f72121dbde7b3c9080a41227a085a.jpg,640,750,neutral,56,202,561,728
118_26_jpg.rf.9d0e7e37eee24f61113e3d9c2466e40d.jpg,640,750,happy,29,167,594,750
94_18_jpg.rf.5697bda39123a442e3a0722a01eb96bb.jpg,640,750,sad,166,267,559,689
108_27_jpg.rf.236648982a1c2042500ba1d9a1bacfd2.jpg,640,750,happy,177,154,558,642
54_21_jpg.rf.d5d7c0f2f3610184c416e538c2a9eed1.jpg,640,750,neutral,104,112,628,663
21_5_jpg.rf.2c8ab7ee652795c731cfca7a945d4c9c.jpg,640,750,neutral,124,176,519,678
58_12_jpg.rf.302915a63a3f75cdc7250f2882d107b0.jpg,640,750,happy,21,160,488,650
133_7_jpg.rf.13d8a9e92832c2befa3c63501dd8c244.jpg,640,750,neutral,0,47,598,701
54_24_jpg.rf.9b7d09a26cc7f380a0052254401048da.jpg,640,750,neutral,0,77,598,722
40_31_jpg.rf.99ed6c4fa4d414782f99328af4ea3930.jpg,640,750,sad,148,194,579,668
26_4_jpg.rf.3cc343ade5431d755969c1a95f8fc893.jpg,640,750,happy,138,182,585,696
123_11_jpg.rf.8c8171e796b829fa81457b0d143a9819.jpg,640,750,happy,79,145,566,709
130_28_jpg.rf.031cb448e8c3632af28fe1151aaeae1e.jpg,640,750,happy,75,135,505,688
129_17_jpg.rf.4583f5246d50a5608024dece3d15c063.jpg,640,750,sad,132,185,586,669
66_10_jpg.rf.6359e509c8e8c6381cd7d3e01f77448c.jpg,640,750,happy,98,157,516,657
68_18_jpg.rf.9f6fab7c2b9c0e615cb9ce3039177d7e.jpg,640,750,neutral,86,201,475,655
92_4_jpg.rf.6921fdc7131fdaacd5286bc838ac3773.jpg,640,750,sad,139,142,604,673
56_6_jpg.rf.b3c833d095ba9744091976e75a4b2f1d.jpg,640,750,happy,98,201,442,671
89_21_jpg.rf.5eaf7711ec4fb8ed99205273483ec1e2.jpg,640,750,sad,110,179,552,687
82_24_jpg.rf.5ed4f736ac8c01e3629a2c0b71f88b4d.jpg,640,750,sad,73,188,511,685
0_19_jpg.rf.3ce854c4a9db742d7b26b0abb9fde7eb.jpg,640,750,happy,59,155,535,687
114_10_jpg.rf.3833ffba3831031726730bcb62d88cf3.jpg,640,750,sad,80,209,524,649
92_3_jpg.rf.18bc65827662bbe6eea234fff6471945.jpg,640,750,happy,180,182,576,715
61_8_jpg.rf.a2a40b6ed94040aaad74d9fbdcfcb048.jpg,640,750,happy,103,144,627,748
68_9_jpg.rf.fbb38e4f0842088576ffeabf2f822d72.jpg,640,750,neutral,106,217,433,627
61_8_jpg.rf.6d8fdda4c6188d3e2351098588f970c2.jpg,640,750,happy,186,179,559,659
56_6_jpg.rf.8366ad55f3a558d0b803b76af151dade.jpg,640,750,happy,24,166,509,750
125_23_jpg.rf.403fe71d2b2bacd6ec69756900fbe60b.jpg,640,750,happy,119,118,634,687
33_11_jpg.rf.cfe373d15b38a9bfea2b35a30b1c0e97.jpg,640,750,happy,153,204,548,656
124_17_jpg.rf.5fe4f042b4fe434869a78ec31f17231e.jpg,640,750,sad,92,177,598,718
130_16_jpg.rf.e8924d565523351048f58c94a94596ac.jpg,640,750,sad,164,155,572,663
87_25_jpg.rf.f7815b4310a34ec944b571fd60f01ead.jpg,640,750,happy,70,95,550,657
2_32_jpg.rf.fa2b1e4791b073959f1270254f309dab.jpg,640,750,happy,67,191,444,636
86_20_jpg.rf.7944d07e6db816933ea7bb2726a321ea.jpg,640,750,happy,45,63,583,673
97_15_jpg.rf.d871c86d36a14cbad44578cb931148f8.jpg,640,750,neutral,45,102,632,729
114_26_jpg.rf.15e56845f354292dfbeecf1f6f5b3611.jpg,640,750,happy,103,161,623,705
42_5_jpg.rf.1f49d7fb962158c3058c48580652b0d9.jpg,640,750,happy,31,209,444,708
20_23_jpg.rf.468436a2aeaf4b6051382a9733ecd807.jpg,640,750,sad,94,129,530,649
37_25_jpg.rf.557ed8c3a7204005f602207b7b93a1a9.jpg,640,750,sad,94,145,567,701
129_17_jpg.rf.8abc5ea6b9ee2ac669c6eb5a841a3f98.jpg,640,750,sad,138,236,486,620
20_32_jpg.rf.e57b7b0d1ec917310bc2245aa0ad5c74.jpg,640,750,happy,42,187,472,692
49_33_jpg.rf.d2b7f5e05c25a63cc5f2986459a69d80.jpg,640,750,happy,88,173,515,666
43_21_jpg.rf.20888d4c9b06d87deb1ab1e359e0a5a7.jpg,640,750,happy,64,116,543,707
114_29_jpg.rf.8f8f18c0ccefb5deb0217443c05acd93.jpg,640,750,neutral,95,246,392,640
86_18_jpg.rf.def137b400e8338572f8c134b2b7e850.jpg,640,750,sad,80,252,518,704
17_23_jpg.rf.d80ce7637ae6e279ddfb19884c7868e4.jpg,640,750,happy,121,216,517,651
95_7_jpg.rf.8156a9b5abd83aef4be3c18b7db0ec13.jpg,640,750,sad,66,171,559,696
36_13_jpg.rf.76f28d0bfe923ca9dd92861eb3e41ff2.jpg,640,750,happy,134,206,515,619
102_29_jpg.rf.245011440a5c84121eb8d55c2ef6fddc.jpg,640,750,neutral,91,196,468,649
0_5_jpg.rf.3beecfb4018d0f3f9aa240fcdd63d139.jpg,640,750,neutral,117,193,523,662
71_16_jpg.rf.39fec7dcd4b33dab9b33010db44f4456.jpg,640,750,neutral,187,232,542,627
7_10_jpg.rf.f326042451447dc56b57538a41e11d50.jpg,640,750,happy,90,160,602,711
42_0_jpg.rf.a15006d92d83005c3e9c05fdc92aeed1.jpg,640,750,happy,111,197,497,654
27_18_jpg.rf.261004f2a908f1249c380a0eb12d71ac.jpg,640,750,happy,165,170,605,685
86_23_jpg.rf.7280f70bb5cd5d04a10f402f38058a56.jpg,640,750,sad,190,278,591,682
12_14_jpg.rf.6f36fa66977060a2682e873e28b87240.jpg,640,750,happy,36,105,601,737
62_34_jpg.rf.bef55fe4a1a49df83b5eb24399f2bce1.jpg,640,750,happy,144,271,505,666
80_30_jpg.rf.4d0d9d4821d6eb9b5a932970c285020c.jpg,640,750,happy,64,127,517,683
84_14_jpg.rf.628b49e0b3dacd8ac92edf56b64f988c.jpg,640,750,happy,148,156,509,643
25_17_jpg.rf.33b00a21bfeaba3c81bba7087d0c7f5f.jpg,640,750,neutral,0,74,640,750
6_3_jpg.rf.73c80208c31d7abff0d9e5e4d080044a.jpg,640,750,happy,147,205,561,647
46_12_jpg.rf.7f6c270460b41b2dd67206c68a67e2eb.jpg,640,750,neutral,79,55,618,659
17_7_jpg.rf.fe7bdd7faa6a996eb9554a89175761d9.jpg,640,750,happy,64,183,488,662
108_14_jpg.rf.7d85cb6f6476a5c95a96d7c627f96b12.jpg,640,750,neutral,163,170,603,697
9_24_jpg.rf.165b74df9e5ae477e9c4b903aa93c115.jpg,640,750,sad,58,224,422,671
126_19_jpg.rf.dfb726877806050ed07c0d6e06c9e813.jpg,640,750,happy,137,117,638,690
126_6_jpg.rf.eee127d50744e8d74dd7e937eb5f852d.jpg,640,750,happy,49,108,536,678
46_9_jpg.rf.17035eb31d7104c0506b435fc7bb236b.jpg,640,750,happy,8,145,499,713
84_34_jpg.rf.0c4f67b45345da7ca317a05b980843c4.jpg,640,750,sad,196,185,546,632
85_24_jpg.rf.0d9935482cb64cac55a6c092ee13fec2.jpg,640,750,neutral,89,84,604,645
132_25_jpg.rf.963ca8d40472cb1b81754d9f62386064.jpg,640,750,neutral,178,179,603,683
118_28_jpg.rf.272ed15896c951f02b9212e16e9f2b58.jpg,640,750,happy,89,174,571,688
139_9_jpg.rf.3d2be4e51db4bf24fe869456a7554357.jpg,640,750,neutral,165,197,568,717
111_6_jpg.rf.8a448e60d0ff071752aaff6deabd8b51.jpg,640,750,neutral,232,216,555,656
66_4_jpg.rf.9f07baa5a3f48924ddb89ae202bb6c9f.jpg,640,750,sad,106,123,582,640
106_32_jpg.rf.196bd9b1a3be3f942e16c5fa56f55c1a.jpg,640,750,sad,95,194,534,664
65_21_jpg.rf.2250513e0c812719476f8e936399ac71.jpg,640,750,neutral,24,176,489,704
48_12_jpg.rf.e172e2d7d8d22ac861558493846277d4.jpg,640,750,happy,48,164,470,662
71_1_jpg.rf.d5188d3e27d1a4218243c4ab5c56cf04.jpg,640,750,sad,72,227,471,668
39_8_jpg.rf.d6f111fb30639488862a5c14f7fdd098.jpg,640,750,sad,68,175,506,710
109_10_jpg.rf.ac5ab80d5a2bded6e39c8bfc07bc2329.jpg,640,750,happy,79,175,475,666
24_27_jpg.rf.f711b6e820e52cb6fc1985fb2d1aece7.jpg,640,750,happy,118,148,607,686
27_18_jpg.rf.d45ab5486b15a2fa2856aaf1d83cd40f.jpg,640,750,happy,164,193,565,673
125_23_jpg.rf.d9220a5717b195cd55c366513fceda53.jpg,640,750,happy,93,155,600,719
20_3_jpg.rf.4e575930a6f721049accd6c1f1c8bbe9.jpg,640,750,sad,101,207,458,652
102_6_jpg.rf.bcf34e0ff1b8aa62220d532d81d84654.jpg,640,750,neutral,71,136,565,693
125_20_jpg.rf.8c7e76f18e4ce0dcc90688f543d79333.jpg,640,750,neutral,85,155,606,721
43_21_jpg.rf.f2b22ddaa59a4820ad8c0d74d7ae178e.jpg,640,750,happy,9,83,546,723
39_8_jpg.rf.b111c1aac0ba0e3695b0a9254330ef92.jpg,640,750,sad,86,210,417,648
48_22_jpg.rf.92d858551f7aaf6e50ab0802e505adfc.jpg,640,750,neutral,178,216,528,630
33_18_jpg.rf.d0ef1089775c996aaaa9155f22a42b66.jpg,640,750,sad,45,154,540,679
28_17_jpg.rf.25ae5d01bb6e0e70606aad3cd9e39510.jpg,640,750,sad,89,130,526,643
108_14_jpg.rf.eb8dd197c71f65fee26276b6822aef87.jpg,640,750,neutral,217,196,592,678
109_10_jpg.rf.d14c177601e92bb883961a9a04ebd429.jpg,640,750,happy,172,141,609,671
129_22_jpg.rf.d5a64f888718a2e082b58fda9c8e7401.jpg,640,750,happy,165,203,547,636
0_30_jpg.rf.678b06c1e2c24db348be4e4a8524e031.jpg,640,750,happy,57,153,507,661
42_15_jpg.rf.d332a5d4163f43457a40bf0d6b944a6a.jpg,640,750,sad,94,232,525,704
63_30_jpg.rf.36a46e39105789606bdb0cc240f7eb7a.jpg,640,750,neutral,105,208,413,633
55_0_jpg.rf.bc34297d0251eab801070bcfd027d3d6.jpg,640,750,sad,86,190,437,658
80_7_jpg.rf.88c0a5c3ec3a704ed1b5742ff43f6d9c.jpg,640,750,neutral,0,33,596,706
121_17_jpg.rf.4e6aa7d830f7316e9392e0850ebc2912.jpg,640,750,happy,80,191,500,677
28_31_jpg.rf.f687c71e87ddea9911ac9a4f0efd3124.jpg,640,750,happy,208,217,540,645
94_13_jpg.rf.89c9252ce891b90f1928e07b3a66b50c.jpg,640,750,happy,149,212,595,694
35_23_jpg.rf.0eb4ee131c9a3ddc26d6c228f493adaf.jpg,640,750,happy,86,216,452,668
64_28_jpg.rf.204d692f1e2fb52f2e0b578a103e33ad.jpg,640,750,neutral,145,223,527,630
21_2_jpg.rf.fabadb61b018c15ecb3ff5feedaa48e1.jpg,640,750,happy,50,129,507,680
10_30_jpg.rf.c0471efb99ec41903bb4a23dc8fdb759.jpg,640,750,sad,80,87,600,716
91_10_jpg.rf.9798e5929009b57c236bd79336af13e7.jpg,640,750,sad,39,186,473,679
97_3_jpg.rf.bf923fd4bcd215e7fad332a043e057da.jpg,640,750,happy,15,118,533,683
137_21_jpg.rf.ac5a54f162db8878f9b13f872f6dda39.jpg,640,750,happy,50,199,507,678
75_24_jpg.rf.9d148fb8eb09e51a219399f21acac646.jpg,640,750,neutral,157,178,547,632
18_17_jpg.rf.6eb7a7356c65caf256cb51325be2b248.jpg,640,750,neutral,0,0,628,694
40_28_jpg.rf.df24d5ab7c2c5062564f4afb41071300.jpg,640,750,sad,94,217,441,618
50_26_jpg.rf.b0dac5ba66fbe72b1aba5c92e3fd33a8.jpg,640,750,neutral,0,20,618,740
93_11_jpg.rf.a21bc79fd8abd2330e259f47a9c200a4.jpg,640,750,neutral,29,82,640,711
137_3_jpg.rf.ec0380d075f802430b500c13db2b567e.jpg,640,750,sad,94,180,580,667
84_2_jpg.rf.866309db6f006b9eb0b7a7c4ba6929b1.jpg,640,750,neutral,110,113,569,658
46_12_jpg.rf.32b877705c94c968fff805cdbd0cdfba.jpg,640,750,neutral,29,11,640,708
123_1_jpg.rf.095f8d444352075ac9df7e4c700b2b44.jpg,640,750,neutral,153,190,568,680
97_3_jpg.rf.925a11d414741f18973eb0145d81a51b.jpg,640,750,happy,27,57,640,750
76_25_jpg.rf.6aadfcbd9a98bbb77f19e37614448b10.jpg,640,750,neutral,111,159,547,658
23_13_jpg.rf.8fe2f7947bd0839eda111ec0c26598f0.jpg,640,750,happy,129,171,588,689
84_34_jpg.rf.8d69e3b69164ab5faa011fd6f90537c4.jpg,640,750,sad,42,151,504,692
95_7_jpg.rf.4e555d15144c19628b4b85a046bbfeb5.jpg,640,750,sad,59,188,524,689
15_27_jpg.rf.c2f74c038e215e9335af23c3b0089639.jpg,640,750,sad,98,207,428,637
8_33_jpg.rf.0f00160e8a15763ff96fd29007dbd6cb.jpg,640,750,neutral,187,169,605,667
113_0_jpg.rf.8d5c2f586dd74eae08eee7db9945661f.jpg,640,750,happy,142,165,587,697
21_24_jpg.rf.97947e4824b322e4cce8fed7df82351f.jpg,640,750,happy,95,168,516,709
114_10_jpg.rf.257276ee1b908bcb29f52ad7e59d4a01.jpg,640,750,sad,92,184,578,664
76_10_jpg.rf.49d1cc3e69729d39b13287a5329e9c68.jpg,640,750,sad,189,207,560,656
75_1_jpg.rf.1d628b031a7d12dce9f75d2cc62b62cd.jpg,640,750,sad,89,221,457,651
116_5_jpg.rf.c1d5412f12ce6f181209d5e2ca29f9fc.jpg,640,750,sad,117,218,513,665
2_32_jpg.rf.f53a34103d0f3513f069df2a8fa3346d.jpg,640,750,happy,102,221,423,623
60_33_jpg.rf.48de4de01351ac792bd9f32c629599d4.jpg,640,750,happy,83,160,518,701
111_6_jpg.rf.2599715af0843940a99e5063665be0cf.jpg,640,750,neutral,60,185,416,671
133_26_jpg.rf.e71306e500ff6d9d1a904d348424a527.jpg,640,750,happy,161,151,617,665
67_4_jpg.rf.ddb7c6b89ada2587e73a2a091e7ec001.jpg,640,750,sad,82,180,480,651
129_22_jpg.rf.be030613c72be8d2cb58a7bfaed23586.jpg,640,750,happy,113,168,609,708
25_23_jpg.rf.df1a81feaa21cebee52ed754ca7e2ae7.jpg,640,750,happy,154,229,556,691
135_9_jpg.rf.4b973e4a6accbadda52e1fce7b30f24a.jpg,640,750,sad,100,168,518,659
139_14_jpg.rf.1a666ec27f9b85cc5f7cf04de2afe5bb.jpg,640,750,neutral,143,183,569,677
71_27_jpg.rf.886a667fccac381cf34bdf12efcbdf1c.jpg,640,750,happy,183,167,591,649
91_31_jpg.rf.4e7004bc83d3b531a7026985aa890ff4.jpg,640,750,neutral,28,0,640,699
114_10_jpg.rf.c5a1701e004abba83b3aa44647324c5a.jpg,640,750,sad,121,213,558,645
120_24_jpg.rf.0cb77f23f3af37edacccb94322f9b8fc.jpg,640,750,neutral,149,147,564,623
129_3_jpg.rf.92edb665046220dff0072d3f03088b71.jpg,640,750,sad,78,260,482,681
129_32_jpg.rf.842539d4cd1f460cc4f1fab1cdde5267.jpg,640,750,neutral,43,187,530,708
136_31_jpg.rf.172eb2e4d2325fe9831c11f213e90c78.jpg,640,750,neutral,103,181,446,649
8_17_jpg.rf.9375a9ea09a5519f94ae7c9ab16d8edc.jpg,640,750,happy,79,207,439,657
106_14_jpg.rf.9e604c5ef7d063b9184f3971a083df87.jpg,640,750,happy,127,207,513,639
7_13_jpg.rf.647bffbe69aea6bc49b7bd83bdd02fe7.jpg,640,750,sad,115,188,552,644
59_1_jpg.rf.3534adecb38253fdcfb5589488f82b44.jpg,640,750,neutral,90,130,570,655
82_23_jpg.rf.786710334c72d0999c285479fcd8f6ab.jpg,640,750,sad,45,158,561,726
47_7_jpg.rf.981fd29c7f945943763042e0493a8a60.jpg,640,750,neutral,78,193,557,675
10_7_jpg.rf.7be0fd4a4047d5e618805a2bdccbde94.jpg,640,750,sad,128,134,531,663
136_31_jpg.rf.96a3573ec7efaa821f1cc733e9b273a2.jpg,640,750,neutral,162,149,617,709
8_17_jpg.rf.f70f18b3444ae05eb547791ed0c8f6f0.jpg,640,750,happy,182,184,591,674
123_25_jpg.rf.68e8cca7d45fd840f20801fe54558a7a.jpg,640,750,sad,102,170,464,650
120_24_jpg.rf.7328ac30b36247274336ee684ba2700c.jpg,640,750,neutral,84,167,489,630
113_10_jpg.rf.941371d675dccf5c5168127df6d05d50.jpg,640,750,happy,144,197,501,656
126_6_jpg.rf.a70ec1f14ccb4067b6feb487503b071a.jpg,640,750,happy,98,134,541,668
7_13_jpg.rf.3c188ca5852fc38a2c3244e4e1673282.jpg,640,750,sad,52,144,546,656
124_17_jpg.rf.3d84e863960b6e0eb4b453e3782d6742.jpg,640,750,sad,43,164,501,654
5_9_jpg.rf.d351d5babb5c2854daeee9bc87124985.jpg,640,750,sad,113,296,559,730
95_31_jpg.rf.7db937330f0bd5f837fd71d853b1ce42.jpg,640,750,neutral,127,120,638,678
39_24_jpg.rf.b52e00620f22c6e4713e70b6f4bfe84a.jpg,640,750,happy,90,213,403,679
49_33_jpg.rf.b8c786b55e9272f3a4d6d0e7930a13d0.jpg,640,750,happy,107,177,547,679
129_3_jpg.rf.9acd90c4a972ad5d526dfc64c3b2b268.jpg,640,750,sad,93,280,430,640
60_14_jpg.rf.ea4130ed72f10ace4a7b09f133014b69.jpg,640,750,sad,138,198,514,638
32_20_jpg.rf.a98bb85577c4555c7c30b5e0d6bf8316.jpg,640,750,sad,162,185,551,655
57_3_jpg.rf.3fe07c8f23b511a9ce272d7eb552ff0a.jpg,640,750,sad,64,147,479,634
10_11_jpg.rf.f41341de225abb6fd4dfb951da18bb07.jpg,640,750,neutral,92,136,593,707
116_25_jpg.rf.893dbd78d7dfb166be07807386ee8ccc.jpg,640,750,happy,14,112,501,668
43_5_jpg.rf.89df6d0cc48816e920635aec65d57fca.jpg,640,750,neutral,0,86,603,750
77_23_jpg.rf.805bf93dcf6b843754f8af7939514c54.jpg,640,750,happy,163,186,555,648
43_5_jpg.rf.b146959e13dfa34d8c3fb4c133de3eb3.jpg,640,750,neutral,6,48,593,680
17_10_jpg.rf.c3b849b546c18e7a225a9e56e40c3f71.jpg,640,750,sad,86,197,559,649
37_3_jpg.rf.83eaf90fe022a7278a597e690ade7933.jpg,640,750,happy,88,150,561,712
136_33_jpg.rf.f684ea8994e94b78daed9900bfc2e65a.jpg,640,750,neutral,30,31,640,696
3_2_jpg.rf.ba6cce68bd4bded45d69abcd9ce43079.jpg,640,750,sad,138,139,627,687
81_7_jpg.rf.4f5d6143ff2ffdee3fb059d6a8076252.jpg,640,750,happy,163,128,624,689
77_23_jpg.rf.00d6cf5b5411ba6569fe9c573fb307c6.jpg,640,750,happy,87,123,599,697
59_1_jpg.rf.d852dbf92f92a287993d3715376ad3d8.jpg,640,750,neutral,120,156,552,635
57_3_jpg.rf.f1d054045a84d1f3b5f679be4cab1ba0.jpg,640,750,sad,89,189,471,635
8_17_jpg.rf.1f98d03ec5c4a9d86cbd31c18fddb652.jpg,640,750,happy,0,114,462,671
80_30_jpg.rf.3b7365833f5b153473b0290854a99be3.jpg,640,750,happy,156,146,596,695
139_25_jpg.rf.e6f758a6ba4d4102240c95d20ae07357.jpg,640,750,happy,95,200,453,656
77_23_jpg.rf.a6e77d255f09a2e6059fc0957280abec.jpg,640,750,happy,60,170,493,670
22_17_jpg.rf.1f689eaa7ef2cccf0a9139ee897c7d91.jpg,640,750,sad,185,209,564,647
53_24_jpg.rf.fdbdfadab605d36eb7394cac8d822898.jpg,640,750,sad,147,215,511,629
104_8_jpg.rf.ff4823d59c9a0076ea958a56ca53e314.jpg,640,750,sad,139,256,581,722
53_24_jpg.rf.0f1e409dc04dbe1b1b914cf51379d3ce.jpg,640,750,sad,78,172,546,679
100_13_jpg.rf.ea87053fd0c28dbd03bd3042f967abf0.jpg,640,750,sad,60,170,477,668
59_1_jpg.rf.5c30e83a7c6c8d8a6daba608d588d915.jpg,640,750,neutral,61,131,594,708
53_3_jpg.rf.72321465bbc441d41e638b144a284a55.jpg,640,750,happy,77,176,455,679
123_15_jpg.rf.bbd2d90d20bf3860c9ad0f2924e23e97.jpg,640,750,happy,124,183,499,670
80_21_jpg.rf.7d87184bf77d3368d99f4c16d75efa41.jpg,640,750,happy,15,158,486,710
88_14_jpg.rf.4e613a7cdb053e18ceaec48905af4c84.jpg,640,750,happy,93,110,630,683
58_7_jpg.rf.6f551a424314a8c878b3329748b4e4d3.jpg,640,750,sad,181,242,553,642
49_6_jpg.rf.4fa1b7438ae5bcccbee35272de78c8ad.jpg,640,750,sad,74,179,536,664
125_24_jpg.rf.630faa8b5ba7e50bf64cb7312b48c185.jpg,640,750,sad,158,194,542,631
131_34_jpg.rf.9c055387cc321563677359300eb67e9b.jpg,640,750,happy,101,174,450,637
102_22_jpg.rf.6e5043081ac81f15fd0a3dbab941a7d3.jpg,640,750,sad,124,162,549,638
131_34_jpg.rf.b54155a605f3bef0bd5d705607fc3e09.jpg,640,750,happy,174,172,565,685
81_10_jpg.rf.c47fc7e3353861e528c6f4a39faf4895.jpg,640,750,neutral,54,137,510,676
13_9_jpg.rf.0a07b325ed7a678012c5e77cb0722785.jpg,640,750,happy,94,205,463,653
136_31_jpg.rf.4db4a11ebc942f8e1e6ea9402be2102d.jpg,640,750,neutral,56,124,506,678
137_14_jpg.rf.d8c9d3ded9e8ea740b56c22e0b790fd6.jpg,640,750,sad,39,180,509,667
21_8_jpg.rf.05b5b73f8053938b073e03b2ab6925a5.jpg,640,750,happy,126,156,532,667
123_15_jpg.rf.03610bf198b8ab9391ecaf474276198f.jpg,640,750,happy,82,146,574,721
9_13_jpg.rf.548e8abab39f336f8ecf072618778283.jpg,640,750,sad,151,232,486,625
53_3_jpg.rf.a1e81529b400c45608322ccf303a40d8.jpg,640,750,happy,222,194,553,649
91_22_jpg.rf.5c2d782cceef7c2426917f32c1421c9b.jpg,640,750,happy,115,134,612,675
26_30_jpg.rf.082fce8b0ae4c7ea9877395d23144478.jpg,640,750,happy,108,200,455,648
124_6_jpg.rf.d98b4b2d747622ef4256e968d996a7bd.jpg,640,750,happy,77,211,481,650
80_21_jpg.rf.bc8d85544915a9d84ec5c9f188018864.jpg,640,750,happy,52,124,547,689
31_27_jpg.rf.38dd53307fb2c2c69a3032b3dd518217.jpg,640,750,sad,185,186,558,669
4_15_jpg.rf.65c4e23ebe342ccb552669cf1ba59a78.jpg,640,750,happy,99,206,451,649
74_9_jpg.rf.c93da6cdee14c55227be1153eb602d19.jpg,640,750,sad,87,137,591,676
22_17_jpg.rf.1bebea686e3982a5c5d36352e655d552.jpg,640,750,sad,193,223,537,627
30_28_jpg.rf.64eaf9e4f5656c04dd4f9e3a80e3ddc0.jpg,640,750,sad,92,182,473,648
83_25_jpg.rf.31b9277024582921cf13b58f77f8c907.jpg,640,750,sad,186,230,551,637
91_12_jpg.rf.7e511a42b0802270d8fd2d269081f734.jpg,640,750,sad,103,217,472,657
38_17_jpg.rf.9956e9e7456b19ca12267ff9186af849.jpg,640,750,happy,28,141,476,682
63_2_jpg.rf.1769031fe20a1911c16155b5dc289290.jpg,640,750,neutral,58,176,466,679
16_0_jpg.rf.439d4ac6ed7c7c749939ea7b8d9020d3.jpg,640,750,neutral,0,69,613,713
60_14_jpg.rf.6af7ab7106e354f500fb14a49d2a2909.jpg,640,750,sad,76,159,573,708
139_3_jpg.rf.416749b9423db00cd9455ffe8e5c5b7f.jpg,640,750,sad,79,213,440,652
79_15_jpg.rf.0fdacebcce50a0482c9050ab628d7856.jpg,640,750,sad,68,192,463,698
107_23_jpg.rf.a958cdfe60594e1458865f57c3a7b3e3.jpg,640,750,sad,128,186,573,665
58_7_jpg.rf.cb624b52a3a60ec97900d5c2e6fdf5d9.jpg,640,750,sad,45,199,508,687
82_23_jpg.rf.6acc326b6b93d8a7efadf0f80bab0c27.jpg,640,750,sad,134,199,526,659
1_23_jpg.rf.1d9098e47a71e34d4baa27261c0d4c3c.jpg,640,750,sad,90,146,494,673
91_22_jpg.rf.7547a1b08edb39688d95bef6a4e47dee.jpg,640,750,happy,150,182,554,640
139_3_jpg.rf.eab13a677288da9ad82d00a8e8a1e62e.jpg,640,750,sad,91,221,431,641
126_17_jpg.rf.1090834f4406cccfabff397bc01e098f.jpg,640,750,neutral,183,177,563,661
49_2_jpg.rf.006fea637e5e1874ddc9c36f6d6ea95e.jpg,640,750,neutral,6,74,577,667
34_19_jpg.rf.b00a74d1376982668c29d5c41ce81563.jpg,640,750,happy,91,227,449,646
80_21_jpg.rf.e35b7fd8be04cf1c884562e598d925f8.jpg,640,750,happy,163,180,547,644
137_14_jpg.rf.b118ded90616b500e549f9c4ea57467b.jpg,640,750,sad,155,211,557,630
81_7_jpg.rf.822e48818885d44ba50747de1f84253f.jpg,640,750,happy,15,114,478,689
57_3_jpg.rf.63cb5fcd7b37ac54408a7ad1ac413bb9.jpg,640,750,sad,97,197,461,625
83_25_jpg.rf.b7558688976d42d5d641dc7c69b7ede1.jpg,640,750,sad,99,244,434,623
47_7_jpg.rf.e774fed83854061bc41cfeeb199df36e.jpg,640,750,neutral,52,160,592,705
89_34_jpg.rf.6e561f6f88538a8d1859c2b31178bf4b.jpg,640,750,sad,156,220,503,631
104_8_jpg.rf.996da5362fd5b3bba2cda31c2325e57e.jpg,640,750,sad,100,265,435,629
98_10_jpg.rf.eee9d1d321adaf6f9673d9159c2f4dbd.jpg,640,750,sad,174,225,534,643
65_14_jpg.rf.a19450377fd06ad2ad42e6492ffd8770.jpg,640,750,happy,105,244,472,642
53_24_jpg.rf.73e14bb7cb7e5af7b8c34e1da4c08cae.jpg,640,750,sad,67,180,544,699
120_24_jpg.rf.6a48b6899198e04a8d2880274bb2da1e.jpg,640,750,neutral,177,199,536,618
87_6_jpg.rf.4abc766dd476689f5a294f72cf8b9050.jpg,640,750,happy,69,134,537,645
18_13_jpg.rf.3786e146f36ca640bc9a7ad19fa54c45.jpg,640,750,happy,124,163,511,648
94_29_jpg.rf.3bde771a19905d60baab801f56169237.jpg,640,750,happy,160,219,537,644
100_10_jpg.rf.bc8af2408ab3d3d6c1d3da5e6661f759.jpg,640,750,happy,133,173,533,671
139_7_jpg.rf.b4dba93608f906a659743ad5029759a4.jpg,640,750,happy,161,205,512,663
94_29_jpg.rf.9113b362e7dbcfca5d11dd0447967d20.jpg,640,750,happy,163,231,519,637
58_7_jpg.rf.6d8696a1364c2247ac0cdc6d099e896d.jpg,640,750,sad,127,217,575,688
9_24_jpg.rf.37032de74d9ccfbf0b51b29af95fc4ce.jpg,640,750,sad,190,203,568,656
81_7_jpg.rf.79310200a50a9edf9e9a224e1304ec6b.jpg,640,750,happy,92,180,448,656
112_25_jpg.rf.876fa1b7ae69691436ef23558182d698.jpg,640,750,neutral,99,222,482,648
66_10_jpg.rf.19a6c3fcf24b50a99970450cc85c35c0.jpg,640,750,happy,154,188,511,627
68_18_jpg.rf.85e2930d05b43cdd80196fa49ae07c55.jpg,640,750,neutral,164,174,553,639
54_24_jpg.rf.f8bc4b7a4ed32c6b540253f2d5928839.jpg,640,750,neutral,96,117,587,651
100_13_jpg.rf.8acdec516e2289de065de45d7797556b.jpg,640,750,sad,96,192,463,640
126_17_jpg.rf.c1b680071dc795b39cd3ca40257200e4.jpg,640,750,neutral,195,190,547,651
126_19_jpg.rf.b740f3db72971075e8735541ef48b79a.jpg,640,750,happy,154,183,560,670
130_10_jpg.rf.09cc2c4d9b2d302e16ec32d52b802b94.jpg,640,750,neutral,196,134,598,665
12_8_jpg.rf.dd7ec1e1c6317536849e13248295b0dd.jpg,640,750,sad,100,142,614,696
7_13_jpg.rf.198dc4d6617f11da903c380e4740be20.jpg,640,750,sad,128,221,514,629
86_20_jpg.rf.bdbf2365a0811de0e6e0feecda57b1ac.jpg,640,750,happy,85,91,559,644
49_2_jpg.rf.d16bb6315b8af0572ecf8dffe053476a.jpg,640,750,neutral,0,80,600,729
3_2_jpg.rf.d48e1fd3efab3b8f719c330ad65546b6.jpg,640,750,sad,125,172,582,688
66_4_jpg.rf.3f69d84e00b272be7404b7f7caa84c0f.jpg,640,750,sad,82,211,499,682
58_20_jpg.rf.f97d03eb66ee7e2b48028004105d8d77.jpg,640,750,neutral,127,178,612,673
47_7_jpg.rf.a9e77ebbf572d7f472575e5f82bf336b.jpg,640,750,neutral,127,223,537,638
63_2_jpg.rf.1f5a72ff905f18282b62d32cca8d69ec.jpg,640,750,neutral,229,167,566,628
43_5_jpg.rf.26ce2de17bb01f2ba25155fd03b87493.jpg,640,750,neutral,46,127,540,666
49_2_jpg.rf.7630d6955f9d8aea08ffc020a8524a3f.jpg,640,750,neutral,86,95,613,647
25_9_jpg.rf.9f8819b1ead718fd6cd2fdcb8299ba21.jpg,640,750,happy,104,207,454,665
83_17_jpg.rf.2477a908783d38a390f73c3bf2821756.jpg,640,750,happy,97,213,479,684
112_11_jpg.rf.8bbcc97ccf1418d2e9483a9f6266c0bc.jpg,640,750,neutral,128,195,531,665
61_11_jpg.rf.eb8194273c15ee80359331d8eb6b6697.jpg,640,750,neutral,161,173,560,653
112_4_jpg.rf.dda299fabaf8c2fef6a6ba716a0df166.jpg,640,750,sad,29,147,488,679
3_2_jpg.rf.2838ad4462ceaffffdcd060795b355c8.jpg,640,750,sad,98,200,463,642
20_23_jpg.rf.59d965409384e537a9ce648e27c95d59.jpg,640,750,sad,106,138,572,676
136_30_jpg.rf.be38b16549a602855a755edd69cd6e98.jpg,640,750,happy,33,131,493,688
48_20_jpg.rf.c242b3f251dc640260780b54d7bae4ab.jpg,640,750,sad,22,142,469,655
139_7_jpg.rf.0681a97a951bbf8be58044ff8fc9c247.jpg,640,750,happy,105,187,510,693
129_3_jpg.rf.8a3b245b7f3351d5b3f3e9a04642ca76.jpg,640,750,sad,103,279,422,622
122_31_jpg.rf.07d61c8eb515d53bdd537261777933cf.jpg,640,750,neutral,66,181,462,703
103_20_jpg.rf.59b137acb72b1f39b9060dd7f49b5d42.jpg,640,750,neutral,139,204,529,658
132_13_jpg.rf.209fd2e64ca164ad23d0ec29d200bf91.jpg,640,750,happy,111,158,549,680
44_34_jpg.rf.feb866bf37ab590818898fe737d26027.jpg,640,750,sad,136,183,543,646
111_34_jpg.rf.d4bbd93fc940fd2ef5727c342e4446e8.jpg,640,750,happy,112,218,477,681
100_21_jpg.rf.5d9477f59d97b0f6f6b58161caa1f732.jpg,640,750,happy,57,142,620,750
52_2_jpg.rf.5ce062feecfefd49dc528d7671eb890f.jpg,640,750,neutral,65,196,477,685
75_24_jpg.rf.f7ff1c6c0a8a7eb44f91c2e4d66f2dd6.jpg,640,750,neutral,35,175,458,647
114_19_jpg.rf.b2712d29719df1bf7b4c81f98c11fa21.jpg,640,750,neutral,135,242,570,682
67_4_jpg.rf.723c815d482e5420368a0fcc6ad86fc7.jpg,640,750,sad,136,177,572,674
63_31_jpg.rf.12a5b19e0b38373483403a7e2277fbbe.jpg,640,750,happy,161,144,622,675
10_30_jpg.rf.a8c5823a658a67b482772cf10016b4d4.jpg,640,750,sad,88,79,630,730
133_4_jpg.rf.b98bb5296b1001a762eb3cee16426233.jpg,640,750,neutral,106,172,557,656
113_25_jpg.rf.16301bb0862f08c46ea8e8015253e8f2.jpg,640,750,sad,176,181,609,688
63_2_jpg.rf.7a953cb397ca2e6fe1d8aee64fbbbc4e.jpg,640,750,neutral,227,201,536,628
87_26_jpg.rf.229ca8d7e0128631ccf10ea19ade7861.jpg,640,750,neutral,41,84,623,697
91_10_jpg.rf.e6c9dbcaab764defc1527043af966f32.jpg,640,750,sad,172,192,609,701
122_24_jpg.rf.aa6b4c3f8dd8ba174501f7c07d7f57f6.jpg,640,750,neutral,158,155,622,705
21_1_jpg.rf.423010d7d453d4cb05ae1f112864ce1b.jpg,640,750,sad,91,144,583,705
76_25_jpg.rf.a12a3527bd0214bc91fbc18f18dfe93d.jpg,640,750,neutral,135,201,505,650
46_23_jpg.rf.59b1cdd5fa81acebdcb45a612693c838.jpg,640,750,happy,32,168,521,712
41_0_jpg.rf.ba84c0becdd67d889fc103b0e5b7ac9c.jpg,640,750,sad,92,178,543,666
84_8_jpg.rf.1132c61d9535bf557b54274476a47753.jpg,640,750,sad,47,95,623,682
94_13_jpg.rf.ea267b9c2d83127d94164c7b67f441f7.jpg,640,750,happy,203,230,594,670
33_12_jpg.rf.5f1743f18e92f714c8d559ac1a35215c.jpg,640,750,neutral,123,189,559,682
89_22_jpg.rf.b5cd993a5390c9a5e8eee892016d0af2.jpg,640,750,sad,156,203,546,659
98_28_jpg.rf.4efd82131fcd7d95b6b89be0380f191e.jpg,640,750,sad,87,212,445,652
61_28_jpg.rf.a88d48ea5057a3571ec07736b647f343.jpg,640,750,happy,74,162,490,695
113_0_jpg.rf.c084362bb5897723838bc0c7eac56b1b.jpg,640,750,happy,49,148,497,679
73_2_jpg.rf.ade8a7885695dedfd5c1f830fdbaf1bd.jpg,640,750,happy,51,210,513,689
46_9_jpg.rf.a4abe515650eb2e668a73beca98c3261.jpg,640,750,happy,137,128,570,647
109_6_jpg.rf.2066564b170400659634e816dfc60e10.jpg,640,750,happy,147,212,510,657
26_16_jpg.rf.2595f2eaca11e61803c3fc4e43b6a7f8.jpg,640,750,neutral,12,69,605,695
18_25_jpg.rf.a306d8f138a9b2522d70f39ddcce0e06.jpg,640,750,neutral,12,0,640,717
139_24_jpg.rf.5bf1aef0dd8621428c6b1e4486a548d1.jpg,640,750,sad,178,181,580,666
85_2_jpg.rf.fc070238483ae802bd5af9e688065964.jpg,640,750,neutral,116,181,526,641
105_19_jpg.rf.62dd4170eb0869802e7400a4154bfcef.jpg,640,750,sad,4,145,520,710
94_19_jpg.rf.07561943abf570847e34779576824955.jpg,640,750,neutral,70,252,432,640
18_17_jpg.rf.f61eb5c84ac7feca432dd2c3dbfa2d90.jpg,640,750,neutral,51,3,640,728
54_3_jpg.rf.982ee78775ff8cb10b9a6f2f0baf53cd.jpg,640,750,sad,131,202,555,714
7_17_jpg.rf.7c85f9928eea84848dfdbc2bc86c88b6.jpg,640,750,sad,125,181,577,664
86_23_jpg.rf.42d619c262deee2359a808ddb08e89c8.jpg,640,750,sad,64,252,511,701
53_17_jpg.rf.f495e5fd3584432d9a97803509c660f6.jpg,640,750,neutral,50,155,512,657
7_9_jpg.rf.e8d2a4c606313cb7dcd0be8f6408934d.jpg,640,750,happy,38,141,524,674
71_1_jpg.rf.a871ad84b7b859ae9a9b7c1b9e8dc2c0.jpg,640,750,sad,170,196,575,644
60_33_jpg.rf.5277deaae8870f6e1113d5c39412242c.jpg,640,750,happy,87,177,522,729
43_28_jpg.rf.aba8cff92e9fb721f9c1035e54928397.jpg,640,750,happy,114,203,556,671
60_12_jpg.rf.e542dd8d6c9d4eb977046a141695a9ae.jpg,640,750,sad,149,172,574,657
29_17_jpg.rf.8aebfe67e27a6d59ed8fea22e66d0fc6.jpg,640,750,neutral,8,83,569,658
30_33_jpg.rf.f5b7787f345ec7903c93246fe92906f3.jpg,640,750,happy,131,132,640,717
129_7_jpg.rf.1e67e9f387c651602705d6d543b10272.jpg,640,750,neutral,207,236,617,676
135_1_jpg.rf.aa05194391434bd1f8427bdc312621d4.jpg,640,750,sad,14,188,445,701
40_11_jpg.rf.5079244d870933d61507ca8a824bb574.jpg,640,750,happy,81,179,559,711
44_28_jpg.rf.a04d336e83d92b437a9efcf632b03205.jpg,640,750,happy,41,169,468,661
133_15_jpg.rf.e2521bab4d26415df426531a539507d2.jpg,640,750,neutral,0,17,640,736
45_21_jpg.rf.e6271581a5686be93b35c6ee7175ee99.jpg,640,750,sad,114,193,590,703
101_7_jpg.rf.ae15b32956963e21f30386199a441272.jpg,640,750,sad,88,174,542,674
23_31_jpg.rf.10f06de2c891ef37556bc043bb946eef.jpg,640,750,neutral,121,165,529,651
91_19_jpg.rf.75e87fe52a25d4547dd937d746db7051.jpg,640,750,happy,130,201,559,697
41_9_jpg.rf.5255ae4c443feddc61ac052dd65e3802.jpg,640,750,happy,125,194,571,704
51_9_jpg.rf.e9523bb1abbbf7f8991b639c2de8b217.jpg,640,750,neutral,62,188,542,686
109_0_jpg.rf.c7f02df8116c434f1f1ea84c57c3f2de.jpg,640,750,sad,40,170,471,679
8_15_jpg.rf.cf2913e84a89d73a4a1dc5df655c49c8.jpg,640,750,sad,115,186,561,692
63_14_jpg.rf.77b2679a77f1056dd50d78e399afea27.jpg,640,750,happy,70,115,519,678
53_10_jpg.rf.3cc2724d62858740b61b6929563a23f4.jpg,640,750,happy,114,133,566,677
3_20_jpg.rf.a3c538f41720b7dface414271d73c170.jpg,640,750,sad,21,106,584,696
96_34_jpg.rf.edb32a1aef4115e7e6bae3b106997f1d.jpg,640,750,neutral,102,164,563,654
134_0_jpg.rf.aa0a140d04d15109852ffbfde8815067.jpg,640,750,sad,194,231,530,629
9_7_jpg.rf.da5ec1b96f11883898ea90f825351c96.jpg,640,750,neutral,147,216,528,681
11_6_jpg.rf.2c546eec148aaf2c06ceb8d8c1de2fd5.jpg,640,750,neutral,111,159,564,714
111_8_jpg.rf.17545cb59d302d02c461adfa87aa72c0.jpg,640,750,sad,161,233,555,696
38_25_jpg.rf.ca336afdd79f5bd3ff160e9d1d5fcf06.jpg,640,750,neutral,0,77,543,679
83_13_jpg.rf.7952e537fd3dbebb7640a4ac83a87e81.jpg,640,750,neutral,36,193,485,679
44_26_jpg.rf.b4a5f5b9fd05c540ee0d6fce2fa545cb.jpg,640,750,neutral,62,186,498,697
117_5_jpg.rf.6be677d77d329bb1da1bb84a8825c49e.jpg,640,750,neutral,52,174,481,721
132_8_jpg.rf.76bfffef52a43a28ffcfdf2b8c4d3ab5.jpg,640,750,neutral,62,159,485,648
65_7_jpg.rf.3a1aa1e767e234f5c9baa0dcba2348b5.jpg,640,750,sad,91,235,481,655
16_13_jpg.rf.7872f87f721b24cc6775fcfcda09cc95.jpg,640,750,neutral,94,166,532,686
6_1_jpg.rf.c80a59acbb6df57252c14a16c00ead50.jpg,640,750,sad,143,152,597,644
74_21_jpg.rf.ac801fd91ae10a4a62d2e106eb63f122.jpg,640,750,neutral,57,172,478,648
130_15_jpg.rf.3dcffe94f44cfe45e60b9dc82492b9f5.jpg,640,750,sad,49,68,601,681
51_12_jpg.rf.d1c9eef1e6d93993f68a73d7cd343890.jpg,640,750,neutral,7,141,511,692
44_4_jpg.rf.49415789bf8089daabdc57adb75e8e72.jpg,640,750,neutral,93,170,528,667
134_28_jpg.rf.f1e7896bb56d83426a38e6c41f2c126d.jpg,640,750,happy,195,211,561,630
53_0_jpg.rf.bb66d4e162ab5064a017f068bb69b0e6.jpg,640,750,sad,211,178,568,635
52_27_jpg.rf.ecfc8f4922bbecbc342472ccc30e767c.jpg,640,750,sad,74,216,420,657
134_28_jpg.rf.d71d1b18fd3a2fc0aa6b6a0d7df5d59c.jpg,640,750,happy,138,148,609,668
90_19_jpg.rf.44c3c0ca0071c28a14fd89d5dbb1aaba.jpg,640,750,sad,78,156,542,684
1_25_jpg.rf.a0501576ddaa508870824600feea3359.jpg,640,750,neutral,60,51,640,711
58_15_jpg.rf.4fd169f5e81df3cc169673022490e77a.jpg,640,750,neutral,130,224,515,650
85_18_jpg.rf.c81e6b87a62d8bcfc520b90dbe6a9b95.jpg,640,750,sad,145,165,568,660
135_15_jpg.rf.282327d69c30206bebd584fdcfba880b.jpg,640,750,happy,162,135,640,730
73_18_jpg.rf.a5d02b932bfaa40f0494289d40e22185.jpg,640,750,sad,108,212,537,668
124_34_jpg.rf.00fd40e5405ec7e760cb9bcbddcf56b7.jpg,640,750,neutral,51,200,476,667
92_22_jpg.rf.85d13c23aa83d2666efa10c381018203.jpg,640,750,neutral,99,145,517,640
4_16_jpg.rf.ad0d584f5745b36ae4230f65d15e7b6b.jpg,640,750,happy,55,179,509,677
127_34_jpg.rf.d2be991571dbc3831adca7bd911cd7ea.jpg,640,750,sad,118,220,465,645
76_17_jpg.rf.619b605d5bd99bef3d1a1b47138e07f6.jpg,640,750,sad,63,184,500,704
91_19_jpg.rf.2f7c0d2d7c2ffc982b21da3f589e4c5f.jpg,640,750,happy,78,161,561,702
135_10_jpg.rf.7cb14bfa51ebc53741210b7cd9162e7c.jpg,640,750,happy,108,167,537,683
109_12_jpg.rf.935bbd71c85daac4af1a97842b3514cf.jpg,640,750,neutral,55,157,481,672
116_31_jpg.rf.6da00c60cf8f8e44e445d407c1e4f088.jpg,640,750,happy,87,157,582,710
20_33_jpg.rf.ba51512e918c174d553b0d313f2b88a1.jpg,640,750,happy,100,199,483,672
117_5_jpg.rf.d83c0acdd974bf5b1dc1608e8c060e20.jpg,640,750,neutral,69,166,429,673
42_34_jpg.rf.d3308412cd62e6065c5e9b6d3001e740.jpg,640,750,neutral,133,217,494,635
44_9_jpg.rf.e213002b3d24de08024c6e5d0aa63342.jpg,640,750,happy,68,173,594,750
6_1_jpg.rf.d9bb83eb5428c8dcf4d448f53e5c7bef.jpg,640,750,sad,154,188,566,649
131_16_jpg.rf.a4abf91b9153cd6c65541baf8a775401.jpg,640,750,sad,86,202,509,636
130_18_jpg.rf.971fec56c05e676a2ee44d3aaf2cfcdd.jpg,640,750,neutral,61,145,549,722
44_9_jpg.rf.1ed508d89eac4b055464aa395aa21acb.jpg,640,750,happy,78,165,557,701
113_33_jpg.rf.1e8e995ace5ce985c1daf3cbe47376c1.jpg,640,750,sad,78,179,525,682
52_27_jpg.rf.9e43a6ce3a28bdcdf8542e0d6f98fd5e.jpg,640,750,sad,32,183,427,659
44_4_jpg.rf.9d9a03da56755f54fa76567bd927530b.jpg,640,750,neutral,96,173,553,689
83_13_jpg.rf.64f6b0d4e60abe3e85f5db1d3253a317.jpg,640,750,neutral,22,185,474,675
94_32_jpg.rf.eb64aa25a45fd5de1d898c6d11666dbb.jpg,640,750,neutral,212,287,543,631
69_15_jpg.rf.2c4203362f9704ec11833a4bc4c680a8.jpg,640,750,neutral,100,183,521,661
103_22_jpg.rf.22c9b59a8f402d31fa2cc23300553391.jpg,640,750,neutral,26,148,485,719
135_15_jpg.rf.22d5b7c7f757434f15643fd8d2d274f1.jpg,640,750,happy,68,191,426,665
130_15_jpg.rf.91be70bdc46e5382e22b408708b9c2bc.jpg,640,750,sad,59,90,553,659
71_23_jpg.rf.0c868bc3f223f8a2df9ba446aaee64c3.jpg,640,750,sad,119,212,532,648
23_31_jpg.rf.498649efc371ef63ea81cdda78767cac.jpg,640,750,neutral,117,174,522,657
47_22_jpg.rf.ee777cc4046a4b39081dec37c9c13ba4.jpg,640,750,happy,57,139,558,678
39_4_jpg.rf.01908a5e9a380531efa2a9a767994d68.jpg,640,750,neutral,53,167,469,687
44_26_jpg.rf.069b09d612253ed02fc750395fe7533e.jpg,640,750,neutral,205,184,585,666
71_23_jpg.rf.fadb292d32176de09ef5ce8eaf82c966.jpg,640,750,sad,105,217,525,657
96_16_jpg.rf.202c5a7850d09d066cc8d978f5d2add5.jpg,640,750,sad,175,209,539,613
105_9_jpg.rf.0cd63d18c3714f252bc90f3e45fa0f25.jpg,640,750,sad,34,162,485,656
6_0_jpg.rf.1103bac495e9007dfd55e5a5d500246f.jpg,640,750,neutral,30,78,626,676
88_15_jpg.rf.3083d83367e4ed9fda5ad38b7f4ed798.jpg,640,750,happy,101,180,484,651
109_12_jpg.rf.04be68d1f7c11362223130b882e8efaa.jpg,640,750,neutral,68,190,455,671
39_4_jpg.rf.94974442fb44e8293f5c4a851bfad6f8.jpg,640,750,neutral,57,169,476,677
56_34_jpg.rf.d8a7aef32f7c724afda357058fc03e47.jpg,640,750,sad,197,245,546,680
124_34_jpg.rf.a98d0a97df7cde80be4dc75a9d953a0a.jpg,640,750,neutral,79,195,484,640
56_34_jpg.rf.9d99c33dc7bb551d52c40b028e574d70.jpg,640,750,sad,183,221,566,673
74_25_jpg.rf.3bfbe8cf9f6051f6f8035c0afc5f0e0a.jpg,640,750,happy,99,150,563,679
12_13_jpg.rf.be396997d116fc187d9410244c0d81b1.jpg,640,750,happy,34,68,569,701
92_22_jpg.rf.ae21623c23f627b44bbed85cf00dfed8.jpg,640,750,neutral,98,200,464,638
74_21_jpg.rf.c648b27adbdb6d45da02cf55114411e4.jpg,640,750,neutral,18,95,531,657
131_16_jpg.rf.f25c5d2746474839ca4cdc8bb87f0832.jpg,640,750,sad,85,203,541,669
52_27_jpg.rf.ee573e13cfb9bf69df283e7d48d7aa37.jpg,640,750,sad,99,230,401,632
92_22_jpg.rf.f9595fb65a8214ae807555360bd3b12e.jpg,640,750,neutral,109,161,580,686
95_4_jpg.rf.393a65eaf140ff2cd09957429b02a54d.jpg,640,750,sad,51,180,521,686
131_6_jpg.rf.85fdbebdd74508c62d28c911a950499b.jpg,640,750,neutral,101,179,540,635
73_18_jpg.rf.874bb1e6cc2edd7fb5d25fe6b4668692.jpg,640,750,sad,93,244,535,718
105_9_jpg.rf.03358db9c1b8e2a57f5e7cff2cbafcde.jpg,640,750,sad,150,168,632,688
15_9_jpg.rf.094fd08fb647000f7f52868a5042b1d6.jpg,640,750,neutral,124,153,517,658
69_15_jpg.rf.0b2fa9088f5548ae7fc0c6aa942a60d3.jpg,640,750,neutral,91,191,540,694
120_2_jpg.rf.7401c9167cc5be4c69fb857235b4b318.jpg,640,750,sad,58,188,481,647
4_16_jpg.rf.0c4c2d6fd5d65a8698039bab6a2c3909.jpg,640,750,happy,62,185,482,654
58_15_jpg.rf.fbd91a80339098789421e0dff5501bf2.jpg,640,750,neutral,119,230,515,668
43_29_jpg.rf.7904f46ca2f19df9a2996780bbc7d38b.jpg,640,750,sad,90,73,570,665
134_28_jpg.rf.e5a224978d9d55078a3b69ba5e1367ca.jpg,640,750,happy,164,169,618,674
103_22_jpg.rf.85c9d3f5b21663c24d164a038b9c0be4.jpg,640,750,neutral,134,63,640,708
12_13_jpg.rf.1bde93708b25b40d5c169df5d78fc509.jpg,640,750,happy,36,64,567,688
127_34_jpg.rf.4a7bba81da90ffcc495c52545ef2a5f5.jpg,640,750,sad,182,155,600,627
6_0_jpg.rf.1c5fd0394155baa07a41f7e93d2394bf.jpg,640,750,neutral,10,86,583,660
5_2_jpg.rf.a46d06f205ad042c2e0c020be13c1b68.jpg,640,750,happy,122,226,584,728
53_0_jpg.rf.061366fe53a74cd1f550430236d31f95.jpg,640,750,sad,56,186,422,664
76_17_jpg.rf.6056fea34151b749c3039860b19f8eb0.jpg,640,750,sad,75,161,523,671
85_18_jpg.rf.854470fb33f9f0724b7e4a533b10c333.jpg,640,750,sad,123,184,582,700
131_16_jpg.rf.417777f1453e4db471f883c20d4e1a82.jpg,640,750,sad,149,232,505,601
113_33_jpg.rf.ff510326e4515aa11f1d5dcda84cd152.jpg,640,750,sad,171,203,548,649
63_14_jpg.rf.571c57e313cb97c792e2c691e141558f.jpg,640,750,happy,154,189,492,651
120_2_jpg.rf.292e5b0e2333a193b7db0f036419e7b1.jpg,640,750,sad,65,192,476,639
83_13_jpg.rf.b7e16048c627b6b80339adc31ed805d8.jpg,640,750,neutral,193,235,537,627
111_8_jpg.rf.25110db6def8d7f8bf8706ed824ce43d.jpg,640,750,sad,98,261,392,635
1_25_jpg.rf.7525c9ebf8769a01eefdfedef42bc846.jpg,640,750,neutral,24,82,535,663
90_19_jpg.rf.66f3deec4fbbd04a7c6063ee0d61c718.jpg,640,750,sad,128,192,567,712
1_25_jpg.rf.0cb9e4cca5a552f032e0ef5c092b57df.jpg,640,750,neutral,0,25,572,692
69_15_jpg.rf.9bca4becb47fbb74f7d51bc64e68a80a.jpg,640,750,neutral,131,212,513,650
131_6_jpg.rf.e74dc31c6701791f8d9c67226115c414.jpg,640,750,neutral,130,209,536,633
11_7_jpg.rf.e6ac23764f1b035d2f88c00461ca9a03.jpg,640,750,happy,154,184,584,688
65_7_jpg.rf.a523c484dd05a3114d3445c8751e090c.jpg,640,750,sad,174,240,543,639
20_33_jpg.rf.c4e4432798841b2268fc04c9afd1fb2c.jpg,640,750,happy,80,175,533,703
74_25_jpg.rf.94393a1a300c11d2e603f997e1e130e4.jpg,640,750,happy,82,90,585,663
20_33_jpg.rf.5d0577c1d8d970a45b23e156904d1a24.jpg,640,750,happy,108,207,471,662
74_21_jpg.rf.a927e46acd600a15c92e9acfbeded3f5.jpg,640,750,neutral,90,203,455,632
6_0_jpg.rf.b9d05008a8dd770e505d02c9d5b0d0e4.jpg,640,750,neutral,100,155,568,626
91_19_jpg.rf.da6e535509b938f17f3d835b349c4d44.jpg,640,750,happy,140,214,509,653
23_31_jpg.rf.e6740112dc23d73528e37f2905a62558.jpg,640,750,neutral,125,185,498,639
113_33_jpg.rf.5a287459c38ddbb81a5d8882a247d12b.jpg,640,750,sad,188,210,532,625
9_18_jpg.rf.abe2a00175a38e1845147a38e3ac1424.jpg,640,750,sad,90,214,472,654
5_2_jpg.rf.20a7f9376299ebe3573965e96ce4ae7e.jpg,640,750,happy,163,184,620,675
47_22_jpg.rf.f44ba7b3b973ef9d18cd52c37e1bd3a7.jpg,640,750,happy,97,206,521,683
43_29_jpg.rf.842fd38cd1ee110acf369a9a9a4972f7.jpg,640,750,sad,47,105,563,702
117_5_jpg.rf.ce3c6c9ff10ec83a04503726e6eccda3.jpg,640,750,neutral,93,195,402,661
107_30_jpg.rf.844a476cb9aaaf84cdd5bfcc77111ef4.jpg,640,750,neutral,135,189,534,642
51_16_jpg.rf.9d1bfef7876d709ef52324c13f16cf69.jpg,640,750,sad,178,270,537,632
52_33_jpg.rf.d1727e8d531b0eefd252fcfb26ebf662.jpg,640,750,neutral,100,173,529,636
44_26_jpg.rf.dc6020e0b01b2f6a3705d6a1cbf2cc75.jpg,640,750,neutral,205,210,546,642
101_2_jpg.rf.d841d6ca05b90c1353e4c53c912c7984.jpg,640,750,neutral,80,149,513,654
51_12_jpg.rf.f4520434f27bc94545928eed11b846d4.jpg,640,750,neutral,173,201,553,636
51_1_jpg.rf.82564e5a350eb6c6ee8d3a67598b3372.jpg,640,750,sad,18,134,596,732
11_6_jpg.rf.192aa9980e10e1f9d8a73f516f9c323d.jpg,640,750,neutral,154,200,507,659
90_16_jpg.rf.ee3ce19931fa17660ee83262925d7cbc.jpg,640,750,sad,215,153,626,663
88_15_jpg.rf.e7e7ba11a3f8718521e076f7b2f887fb.jpg,640,750,happy,118,133,577,675
101_2_jpg.rf.407e65076788bbfe4eec3629be1b92e4.jpg,640,750,neutral,108,209,453,633
11_7_jpg.rf.b843332e58b3db072006111bf9cab773.jpg,640,750,happy,168,165,616,684
76_17_jpg.rf.d5792ebf5c4b4726bff3185f29b793b5.jpg,640,750,sad,155,204,504,637
47_22_jpg.rf.65d69e586fb70418fcd036267bba7527.jpg,640,750,happy,131,195,527,640
109_12_jpg.rf.17c026df8e08ab2fb8b8b641b1efa4e5.jpg,640,750,neutral,95,214,436,657
90_16_jpg.rf.5af6d36d517629c5818a5c42134d4ab9.jpg,640,750,sad,236,224,560,676
41_3_jpg.rf.4c57b4b2f07b690fa4447f859d16c8d0.jpg,640,750,sad,113,211,531,650
8_15_jpg.rf.490f48ebb35c7354dec17c76142d1437.jpg,640,750,sad,130,209,511,649
6_1_jpg.rf.8cb0bc4ff629e9851de1940c99d414ad.jpg,640,750,sad,98,203,457,617
90_19_jpg.rf.fb6fdab1989f4050bfb8757a23dc0a2a.jpg,640,750,sad,154,212,504,648
119_16_jpg.rf.d2e5591c35193e9dab2f6e965088eb96.jpg,640,750,happy,112,204,515,634
51_1_jpg.rf.a57ed2ad7fcd90858061e65af8a09699.jpg,640,750,sad,58,149,588,702
135_15_jpg.rf.b50a0df92dc35ea8eb56cccf8839d1df.jpg,640,750,happy,81,191,429,652
52_33_jpg.rf.5951dbb1595bef7d3366ffa9b566a7e3.jpg,640,750,neutral,65,158,543,671
87_28_jpg.rf.1f37026df372182c791d378a1aedbfd4.jpg,640,750,sad,102,114,595,700
127_34_jpg.rf.98038dfcbf2da91183ee7dda988790e0.jpg,640,750,sad,215,224,532,611
85_18_jpg.rf.d7c8ef9de54df779cfa7604d94d783b8.jpg,640,750,sad,98,208,460,642
96_34_jpg.rf.a62fd6ddc87c883e480dacd169fbc11e.jpg,640,750,neutral,125,200,496,609
94_32_jpg.rf.3ce4f2c3414f95c7813ea31a49feb6cb.jpg,640,750,neutral,187,276,597,698
53_0_jpg.rf.5a152111909ad919342722f948014175.jpg,640,750,sad,105,218,406,627
135_10_jpg.rf.10dc307ca4e3a04274bff3e138978a25.jpg,640,750,happy,142,189,506,650
42_34_jpg.rf.9059228ce99ad4042bdee05b5db409a8.jpg,640,750,neutral,76,161,568,704
116_31_jpg.rf.4c08ea6facd0bf3867640988e549edd5.jpg,640,750,happy,132,197,498,631
53_10_jpg.rf.304aae9b9e7bc4ba2ac10f795bd1f825.jpg,640,750,happy,138,197,501,655
44_4_jpg.rf.4ffec2eabb5fd3c3d26e4642301f7552.jpg,640,750,neutral,132,200,504,644
111_27_jpg.rf.6bb3e363091d5061c193c15d126e72ce.jpg,640,750,happy,87,224,446,678
78_22_jpg.rf.576b185f37b7b89d918fc5fc0d7f7404.jpg,640,750,neutral,91,156,524,656
79_20_jpg.rf.175a95d75e7a72caca69eaf4793907ff.jpg,640,750,happy,68,128,462,661
17_34_jpg.rf.9bfdbce7c9ceffbe64c417300a9c9a19.jpg,640,750,neutral,108,202,570,684
5_28_jpg.rf.679907f4e1fe7e8fedc46d53ef35fb71.jpg,640,750,neutral,68,180,561,695
96_16_jpg.rf.3a0b43829d696565a2380b5a844e8298.jpg,640,750,sad,56,189,512,679
3_20_jpg.rf.7ae44e4a4a5d44d45d486fda1d6a2be1.jpg,640,750,sad,126,190,546,646
51_16_jpg.rf.9ae2e931886bf545aacba91f50aa0862.jpg,640,750,sad,71,244,474,649
41_3_jpg.rf.44650f173ff4914b27501c2cb97537e1.jpg,640,750,sad,65,182,558,696
130_15_jpg.rf.8b1e313a8e635119452026c3df378432.jpg,640,750,sad,91,103,560,645
116_20_jpg.rf.9bae2fb6714b20094689e9ff6c5a1a97.jpg,640,750,neutral,95,178,528,661
27_29_jpg.rf.801c9ef5fb7223118f70df9b1a029725.jpg,640,750,sad,66,209,457,665
64_13_jpg.rf.36357da72febf7084dca0dffb5207643.jpg,640,750,happy,79,219,438,636
20_17_jpg.rf.d8a881c77d6e51ced5796c36bb5e915c.jpg,640,750,neutral,122,193,514,662
74_3_jpg.rf.28bba373a5c1001ed9b22df8f1edc865.jpg,640,750,sad,16,151,519,683
81_15_jpg.rf.c6250aba0c290ab90166b6bad5f6efc6.jpg,640,750,sad,129,188,536,680
120_32_jpg.rf.dbf7a35601b7b69d0b26f10db7aa0c82.jpg,640,750,neutral,38,162,444,665
26_6_jpg.rf.4b97c92bd64b34d41f1c7ab78cf61154.jpg,640,750,neutral,34,16,640,696
73_22_jpg.rf.03b613517998ae5d87eac3618cb62782.jpg,640,750,sad,108,239,553,700
131_9_jpg.rf.fe93e6275b1721c7d6d780be9c8b3e58.jpg,640,750,neutral,67,66,625,633
110_18_jpg.rf.25389ea0146cd97c25088d9d948f9b27.jpg,640,750,sad,6,85,610,706
27_26_jpg.rf.c6ad1235f063bffebe2b94cd02456dd3.jpg,640,750,sad,150,219,503,632
82_0_jpg.rf.d81dfe46ede9540e99a3747f36484af5.jpg,640,750,happy,156,213,589,732
57_20_jpg.rf.3d9627663ce09e1b29681466439974b9.jpg,640,750,happy,191,188,591,645
57_5_jpg.rf.3d44d8bee246c5d422cbd74ca1283929.jpg,640,750,sad,110,172,544,651
117_23_jpg.rf.0d28e8c1b8b3b6cf494e95a662500f76.jpg,640,750,neutral,189,199,537,638
59_23_jpg.rf.44b705569ef001754f0b4530516f0e77.jpg,640,750,happy,128,176,581,684
23_9_jpg.rf.4c98fb9407961ed5a515fe7781fd9534.jpg,640,750,sad,108,185,515,636
101_13_jpg.rf.7049125a8b0494a16d3eb62f7b6aa691.jpg,640,750,sad,65,188,498,671
102_1_jpg.rf.d54d6066b6c3dd4be8a072f61945c48e.jpg,640,750,sad,88,193,480,649
38_33_jpg.rf.15e2b4f223c27abbd32efa387d1a19eb.jpg,640,750,neutral,55,85,560,642
31_14_jpg.rf.e0eab4f66c6f546b07d974ac624ec30a.jpg,640,750,neutral,67,109,640,700
81_31_jpg.rf.21c8cff2ad38d51f73cc5c2f7e24c0df.jpg,640,750,sad,91,142,489,668
84_3_jpg.rf.9f8bb5e8d05380f75f498090a6130c33.jpg,640,750,happy,72,164,458,643
60_18_jpg.rf.42ec10d42802da4546fd5be63d4dc4a4.jpg,640,750,neutral,148,199,508,631
52_10_jpg.rf.f9c42c48b25c8a1c92f704bdcba478e9.jpg,640,750,sad,87,174,608,697
10_7_jpg.rf.b204caf9d4ac0785c101ca01a89fd713.jpg,640,750,sad,74,77,603,700
95_30_jpg.rf.3b080a97297e8a2c46f85fe8b74922b1.jpg,640,750,neutral,177,214,548,633
135_3_jpg.rf.5a51e7d891442bef5788f00e5ed51cc7.jpg,640,750,neutral,94,203,433,634
27_0_jpg.rf.73136903399e66bd2582d270566ba0dc.jpg,640,750,neutral,140,202,507,634
89_10_jpg.rf.f20d752816da1fffc51b44158c9ddbb5.jpg,640,750,neutral,56,156,525,690
31_24_jpg.rf.919ecd18a06824a24869fad16d3d95bd.jpg,640,750,happy,189,234,556,661
59_14_jpg.rf.92c71f4a93fc446dfef8eed911a370ad.jpg,640,750,sad,103,156,559,666
7_18_jpg.rf.dc987328a730b291ed8c60d2f2b533ab.jpg,640,750,sad,135,196,565,668
120_6_jpg.rf.2af2018a434df7c7971e858b17acb218.jpg,640,750,happy,107,212,570,703
102_1_jpg.rf.fba427e313460c8f2435779bd11a6e97.jpg,640,750,sad,126,169,574,672
18_18_jpg.rf.14c79be99288d9d31022a79df1383f1c.jpg,640,750,happy,43,120,551,702
45_7_jpg.rf.de2139647b638d272d96acc1d6452f42.jpg,640,750,sad,89,256,475,666
72_20_jpg.rf.5854b226b5d5d3e28c4cd1da4af2059f.jpg,640,750,sad,94,194,487,611
17_0_jpg.rf.33394b8dc92f867ae6e08d5d3faf3fd7.jpg,640,750,sad,78,167,579,690
132_10_jpg.rf.16cde792957b4f7c9862fe2122ea70dc.jpg,640,750,happy,91,186,427,646
132_23_jpg.rf.3ffff723766807bd224798c30e66e30a.jpg,640,750,sad,182,196,540,626
104_6_jpg.rf.b603b9111b88545f8da3ef9391a80472.jpg,640,750,sad,56,254,479,684
14_4_jpg.rf.576d350bd368bf9a0e3574537d329327.jpg,640,750,sad,98,231,429,633
89_10_jpg.rf.d40594c82a09a6ec9d8fefbebd1646da.jpg,640,750,neutral,49,148,497,673
18_2_jpg.rf.1f68146b3c96a8b42b3a5104b1e063c3.jpg,640,750,happy,81,145,504,659
57_20_jpg.rf.3c3f266da2bfe009f73b3f148cd2bb33.jpg,640,750,happy,51,157,478,645
32_9_jpg.rf.93d63e72c6fe74b41a75ed11cd556f11.jpg,640,750,happy,101,192,485,678
113_10_jpg.rf.a6adbf40f6c478e82247ed844755dde4.jpg,640,750,happy,75,177,536,726
27_34_jpg.rf.8d6ec6a13e2cb17d363c008b06610c8f.jpg,640,750,sad,98,219,425,620
101_16_jpg.rf.f82fc97912c09bc814ef737c6d62be44.jpg,640,750,neutral,109,158,584,680
101_13_jpg.rf.0709ee74a31c6ef7b7b60de10c980490.jpg,640,750,sad,187,217,541,632
109_9_jpg.rf.6257140070b670334787f8ea745eec78.jpg,640,750,sad,109,199,572,727
54_30_jpg.rf.2c7cde264fcbb16fee0ce57ddcc9d1c1.jpg,640,750,happy,110,167,512,675
82_0_jpg.rf.85de00307bda23e3dd51c1738be600d2.jpg,640,750,happy,66,186,509,706
112_1_jpg.rf.73efb03ccbe53bf7820a1bef64ef98bf.jpg,640,750,happy,4,144,492,685
3_0_jpg.rf.570ab848404e11bf6d322c0d8b8c9ff4.jpg,640,750,happy,107,167,574,676
65_10_jpg.rf.e17b4caae6f4eafe06ac4df841cfe3d4.jpg,640,750,sad,93,243,441,644
81_15_jpg.rf.992eb8e7701ee3cb12c7d3780abd1209.jpg,640,750,sad,142,197,507,647
18_13_jpg.rf.60d5dbf6ebecdd0389cd753fe7e67969.jpg,640,750,happy,91,134,547,677
126_31_jpg.rf.18ffeaed4ed331f2a71af4863ebde90a.jpg,640,750,neutral,110,162,567,671
17_10_jpg.rf.629258005e9f68490549d5fb23989c1e.jpg,640,750,sad,31,169,567,683
110_29_jpg.rf.6ffa3fb87909afa01fa0ac23710ad8b5.jpg,640,750,neutral,146,171,550,664
125_24_jpg.rf.991cb18ab5ae1c2c1fa7fdac5b19894f.jpg,640,750,sad,85,137,573,674
45_7_jpg.rf.c5e0b1ccb222748903140ca5a70425c5.jpg,640,750,sad,33,224,462,679
51_5_jpg.rf.679e5a85d429f1e90f9e4f63aef4fe7f.jpg,640,750,neutral,83,119,582,643
6_23_jpg.rf.794ddf96a3032713fcdce7054c2aeac4.jpg,640,750,happy,78,176,476,631
81_31_jpg.rf.395e7af13f272c22e84f0446fecfac4a.jpg,640,750,sad,93,170,466,663
57_5_jpg.rf.e5c715aba2c289096fe0456c087ec92d.jpg,640,750,sad,97,174,536,664
19_5_jpg.rf.06c245ab6b966b99151125f26811f21f.jpg,640,750,happy,180,201,553,643
124_5_jpg.rf.6dbda2c3c0bbcd9e8a194fa84c1385a5.jpg,640,750,neutral,100,211,453,625
21_8_jpg.rf.4ad1d437e669f9d1e475dcd5f51171ab.jpg,640,750,happy,96,122,584,703
68_6_jpg.rf.12fe53534a2e920e52cc95fd826e9d5c.jpg,640,750,sad,111,178,553,670
60_21_jpg.rf.14fda426cda07fe726d8e1e2d0d073cc.jpg,640,750,sad,166,219,576,728
59_14_jpg.rf.60c6d966dbd5c2d07f0beb964e7a0adf.jpg,640,750,sad,141,196,510,634
135_2_jpg.rf.467dde6f0a0d3e2fd354e63724d8307d.jpg,640,750,sad,138,173,605,702
63_7_jpg.rf.60fb915160ecfc9d4902c535faa346e7.jpg,640,750,happy,201,197,555,642
90_14_jpg.rf.b6502f3efc56e1f0d2d9583fd3f13ee9.jpg,640,750,neutral,196,189,576,678
66_3_jpg.rf.6f6cafcd68f55ec773dad1de33942d33.jpg,640,750,sad,147,213,519,612
43_33_jpg.rf.efed24c7f4a61fb1ff63e030c67185cd.jpg,640,750,neutral,99,184,559,668
7_18_jpg.rf.34b3096984a8e089d90b2407c93bd999.jpg,640,750,sad,172,214,544,636
107_24_jpg.rf.db5ed4c6a525eb8b8dd16e4a5dbb1efb.jpg,640,750,neutral,78,204,472,674
52_23_jpg.rf.91dbccab2c07c86cfce2505a11fb7d00.jpg,640,750,sad,127,243,534,684
103_12_jpg.rf.569d44a6c38d9e1139fb17e87fb859bd.jpg,640,750,sad,87,93,559,643
110_18_jpg.rf.ab02caf21765d471201d554a68e02ffa.jpg,640,750,sad,53,118,562,645
59_21_jpg.rf.26ecf05e0b8cdc7699705dd0ac378b8b.jpg,640,750,happy,95,144,532,677
77_5_jpg.rf.4274d65093aec45028a2344eb2d12629.jpg,640,750,neutral,5,119,540,687
57_5_jpg.rf.3c9381651c253ffdc8ec5d4b194c3318.jpg,640,750,sad,143,205,499,619
84_1_jpg.rf.527b07cd723ce934f73c3102998c7ad2.jpg,640,750,neutral,15,0,640,698
14_6_jpg.rf.76081810cdbe7169390633863319279f.jpg,640,750,happy,93,223,438,657
22_23_jpg.rf.0fd78985ba9879024be402155952c37b.jpg,640,750,happy,76,201,437,679
84_17_jpg.rf.203d57b6974f5cf0120f2fbb9fc767e7.jpg,640,750,neutral,0,70,581,698
70_22_jpg.rf.f0740d352f880b833add8b078e4abb08.jpg,640,750,happy,80,136,567,687
59_23_jpg.rf.6552a90ec92560038e3edbb479b2ec47.jpg,640,750,happy,178,230,540,654
80_25_jpg.rf.c3e0b5545305ed75b16738bf6b6aeb89.jpg,640,750,sad,49,132,524,686
74_1_jpg.rf.f5f52fac1a4f81a6d0fb7aef757c69cc.jpg,640,750,happy,84,185,473,657
25_14_jpg.rf.e5653de46ddc05c1ed598cc7bc7d8788.jpg,640,750,sad,48,186,463,653
109_16_jpg.rf.5999dea6b3e2505884d8aa1efe2fea5b.jpg,640,750,neutral,102,214,503,686
79_5_jpg.rf.4fb8304a3ed203bbb833af02066c6482.jpg,640,750,happy,147,165,514,653
52_10_jpg.rf.62e5fc6a86ef6a3b02f361330875b7c3.jpg,640,750,sad,29,175,515,663
69_31_jpg.rf.d94dbd42ed516879ee8aac4cbc227358.jpg,640,750,sad,115,167,578,684
101_23_jpg.rf.1d306bec682a68bda2426b5a6c9e3995.jpg,640,750,neutral,179,205,540,628
73_22_jpg.rf.23667559e440e34ef4271c45c88c748a.jpg,640,750,sad,164,243,540,636
36_6_jpg.rf.0416ff40f4e837b603786e3ce49fc0df.jpg,640,750,happy,175,232,561,672
135_34_jpg.rf.f3672518788d9a09e0e5ce5669e194c6.jpg,640,750,happy,42,144,489,673
46_32_jpg.rf.9ca3505e97dc15fd760b3e4122e8bd31.jpg,640,750,happy,78,136,560,689
78_21_jpg.rf.717746a0bed16f0f44d49d59295147b5.jpg,640,750,sad,130,188,516,637
91_12_jpg.rf.7d8c94c0f9b1366424357fd8ea140d52.jpg,640,750,sad,152,193,570,674
102_1_jpg.rf.6292021f62780d213d17bbb6b81bcce1.jpg,640,750,sad,96,210,450,630
15_1_jpg.rf.57a937d37040a6bb445ee5a7e2dca0da.jpg,640,750,neutral,64,181,472,690
64_13_jpg.rf.ee623b7651e40671f1a6b3c9ef7d7007.jpg,640,750,happy,23,166,471,659
101_6_jpg.rf.01da50b0f853cfe311acfc87123e37dd.jpg,640,750,sad,197,210,544,663
68_29_jpg.rf.a5e183767b82e48a8657aa1495595b96.jpg,640,750,sad,108,197,533,655
139_25_jpg.rf.86b766f2fed108c24fc8aa437220180b.jpg,640,750,happy,32,104,515,676
65_10_jpg.rf.029bf291d097bcd3f4999e857d63381f.jpg,640,750,sad,175,223,568,667
84_31_jpg.rf.fd583ec5fd51d94ea89ded557aaba922.jpg,640,750,sad,148,125,560,649
139_30_jpg.rf.b23d74ee0bd74abbe00165edb6527af2.jpg,640,750,happy,22,149,475,664
30_28_jpg.rf.8a907e6011eab078969ee6705b3c5f6e.jpg,640,750,sad,109,156,570,697
14_6_jpg.rf.39491745cbc13380269c21392ba9d153.jpg,640,750,happy,169,136,640,676
117_23_jpg.rf.a4be4d9e62b9c52d526870eeb10c434d.jpg,640,750,neutral,133,125,571,655
72_20_jpg.rf.153137c5f7d830a43365b250a5339c40.jpg,640,750,sad,190,225,534,592
125_31_jpg.rf.6317bc04269b7324e32c5787222db26d.jpg,640,750,happy,54,138,584,741
82_0_jpg.rf.2e9336d0bed4aa0f1b07db2a249cb91a.jpg,640,750,happy,183,213,542,654
108_33_jpg.rf.0c1daa7fa0532d501b2853bdade89207.jpg,640,750,happy,66,133,544,676
106_14_jpg.rf.002addf23f987f77c88b2d6b6fce8d43.jpg,640,750,happy,81,175,561,692
59_15_jpg.rf.36ebde6b7aad4aaf48e915e84b807abb.jpg,640,750,neutral,69,72,640,686
72_20_jpg.rf.baf6abc8d8a58391df08e383df5c1ea7.jpg,640,750,sad,62,168,481,607
73_22_jpg.rf.613d3fcc82c42a97264e9e073c11b6df.jpg,640,750,sad,159,231,557,646
45_7_jpg.rf.9c25d0cf85985ad099cdb2c23efd2bfe.jpg,640,750,sad,102,268,444,638
101_34_jpg.rf.bfd3a5257308ade52f297015c27f750d.jpg,640,750,happy,29,161,532,724
107_29_jpg.rf.ca6d6702787e622cb2de209b468a482d.jpg,640,750,happy,38,146,542,712
22_10_jpg.rf.0b6e101111c870791c5cde46d3a68258.jpg,640,750,neutral,38,54,613,684
67_5_jpg.rf.9f8ea1c913b34b841c20d1a5c8efedb0.jpg,640,750,happy,110,196,451,662
117_31_jpg.rf.f00ebe70692580269b825f159028381c.jpg,640,750,sad,139,153,611,685
129_14_jpg.rf.46f82ea9e929e0216c0a30976bcf309b.jpg,640,750,happy,98,205,463,645
67_5_jpg.rf.da784756844419c39f7f388cae12ca43.jpg,640,750,happy,128,147,596,716
116_15_jpg.rf.460bbd0273c5c9760a843e746a0bb422.jpg,640,750,neutral,158,160,590,709
98_10_jpg.rf.efbeace835b0d1b95110ed19d971d203.jpg,640,750,sad,86,147,577,688
18_18_jpg.rf.c3e29498a099e3f358ca981eb48eeda3.jpg,640,750,happy,95,177,476,653
118_9_jpg.rf.64e9ba61d20c547c38a10fa21c52d896.jpg,640,750,sad,65,220,573,733
1_1_jpg.rf.b783d93d49c9f04ce97058025a67c941.jpg,640,750,neutral,55,151,618,746
17_11_jpg.rf.2db36da03a1ee8e6ebdf42ce8de1f3d0.jpg,640,750,neutral,60,197,544,708
1_23_jpg.rf.2e9639b859b92ad8be6f6aff65eb46d6.jpg,640,750,sad,56,113,547,717
14_4_jpg.rf.8ac08dc15c13ef4303d69a8d15f53be6.jpg,640,750,sad,69,194,439,637
107_18_jpg.rf.5172d253d8ce32938e65328b02304d8f.jpg,640,750,happy,137,176,538,646
51_30_jpg.rf.9bcc3d5903d1560865761bb137d169dc.jpg,640,750,happy,37,233,465,687
17_11_jpg.rf.c1b5a59532e426f767e3a30d56bb8455.jpg,640,750,neutral,166,231,541,638
96_15_jpg.rf.4fe6d71dde9204d92d8fcf369b08fe91.jpg,640,750,sad,145,186,558,646
129_14_jpg.rf.dee8ee1c7344478e70eace8dd2138412.jpg,640,750,happy,71,175,531,695
89_34_jpg.rf.88cfa4a17cfaf818b7471a4199ba89d3.jpg,640,750,sad,136,201,513,643
128_1_jpg.rf.5fe12626edd73ceaa66dda142f67f7cb.jpg,640,750,happy,84,192,478,683
117_31_jpg.rf.01b8b4f275569b2f2d4fdd774e374bf4.jpg,640,750,sad,171,209,540,655
106_16_jpg.rf.53b0bccc97714885338273a34ba5b21f.jpg,640,750,happy,92,149,584,711
41_19_jpg.rf.8dddcf1bde39480c3d40ea51811ac9c6.jpg,640,750,neutral,121,197,554,670
53_27_jpg.rf.1cbd4502e01d4c8b4a3aa224f14a86aa.jpg,640,750,sad,35,157,492,643
33_34_jpg.rf.3bed20e881d14f60be23047edc53aa64.jpg,640,750,neutral,98,210,493,647
84_1_jpg.rf.84a5f618d7bfb5796ae2f0d691527a0b.jpg,640,750,neutral,90,71,556,637
132_11_jpg.rf.787167675624ddc12f0c6e5b7fdb533b.jpg,640,750,happy,11,127,515,714
11_8_jpg.rf.ee24f57f55cccb4adcc4207917cd8b28.jpg,640,750,neutral,160,132,615,683
4_15_jpg.rf.aa4b271b1fecabc44d54cd1f5d9a2b8b.jpg,640,750,happy,119,175,619,748
126_31_jpg.rf.c3d7744c32b7e8c0b1ea01fddd8a113e.jpg,640,750,neutral,94,126,593,676
106_16_jpg.rf.51acf07a17cbf9899300d0a7f03b55e6.jpg,640,750,happy,93,199,447,642
112_25_jpg.rf.284973ca92f96a5bd8c39e45852077e2.jpg,640,750,neutral,142,214,550,662
1_32_jpg.rf.fed5e61554a598a4f94a30d68b56f2e2.jpg,640,750,happy,114,159,603,750
30_34_jpg.rf.3de0ff25d7c198fa5d968d10194b8ecc.jpg,640,750,sad,60,160,514,704
36_6_jpg.rf.d6c4d5e19d240d3f833c363c26725f1b.jpg,640,750,happy,204,242,542,640
49_6_jpg.rf.ef47027f0e0f85bad9bb540884b2fba3.jpg,640,750,sad,110,216,525,656
12_24_jpg.rf.4dcc699ff6a9650f3804c88cafee6ecf.jpg,640,750,happy,26,94,526,687
24_13_jpg.rf.87fe9cd6c196cf07671cf81eab5ef88d.jpg,640,750,happy,78,195,450,641
78_16_jpg.rf.42a5fcf80c160a1a8bb6057cf23a2a80.jpg,640,750,happy,95,186,544,680
107_18_jpg.rf.bdacc4aef0ec62bf4ccf67c0a5802ce5.jpg,640,750,happy,92,131,596,689
128_25_jpg.rf.0e1e988b94aa802cdfb5a9a2940c0882.jpg,640,750,neutral,24,194,493,714
18_18_jpg.rf.fc7904274cc6c321c47800f8c98a152f.jpg,640,750,happy,143,142,585,672
11_8_jpg.rf.269e103f6275148f3e72f48f6122c560.jpg,640,750,neutral,133,145,590,703
132_11_jpg.rf.54b2d7b682d08165baac2e7d002799d3.jpg,640,750,happy,54,159,516,697
18_13_jpg.rf.d26a1f143d7ead1eb52e32d51c2633d1.jpg,640,750,happy,73,77,586,674
65_17_jpg.rf.a11b1fc0f4e7614c9bff08ae0c864f9c.jpg,640,750,neutral,29,217,446,683
86_6_jpg.rf.3317effdc98847ceee1915147b222c9d.jpg,640,750,neutral,195,277,578,657
105_22_jpg.rf.6da30ac75edc734ae29b49e70b672fb1.jpg,640,750,neutral,98,184,436,650
36_7_jpg.rf.3f8d9261f300e7966b7c53c5ea27485c.jpg,640,750,sad,141,156,557,615
125_24_jpg.rf.cf3946bbadb6c84434eaf02c96655e46.jpg,640,750,sad,124,142,553,628
99_32_jpg.rf.e3de3edf9a46f24c95cef59da2970fe8.jpg,640,750,happy,43,0,640,735
11_18_jpg.rf.003f7e8f6014f56f20d90fb176c7abb0.jpg,640,750,sad,111,165,556,652
83_29_jpg.rf.378f357ea477c373c21bf018f8e592ca.jpg,640,750,sad,49,195,475,645
128_1_jpg.rf.dce4498672e55f4a30477d155d238fce.jpg,640,750,happy,179,185,576,676
37_23_jpg.rf.4caae87743e014c9f2cfad50d849256e.jpg,640,750,happy,193,193,541,644
49_30_jpg.rf.aa5bffff8ce5bde5c040fb95f9f1e27b.jpg,640,750,neutral,77,104,565,633
60_21_jpg.rf.6c79a81725ee0bafd99814922afc80a1.jpg,640,750,sad,122,187,581,726
132_23_jpg.rf.d4cc843f3d0f2358556a635d114542ad.jpg,640,750,sad,80,180,488,651
33_34_jpg.rf.7134144ec81b5f229064952ab5a4b360.jpg,640,750,neutral,140,198,554,654
19_5_jpg.rf.ee5ac4a2eee68d3c896eee65d779cbd1.jpg,640,750,happy,28,149,492,666
101_23_jpg.rf.dfd9214409f1ba301ce9eb07e5640c86.jpg,640,750,neutral,74,156,518,660
39_24_jpg.rf.554079906acb9964c035070d54c0b9a7.jpg,640,750,happy,74,210,452,730
57_20_jpg.rf.f5d84cdc195e7f7d8d4ca974465900ff.jpg,640,750,happy,193,189,581,635
53_27_jpg.rf.b4f154c5ad53573fffd741acc0ef875b.jpg,640,750,sad,58,166,545,682
43_33_jpg.rf.b46a88620644bdee3c23c98f9c171888.jpg,640,750,neutral,72,184,540,676
17_10_jpg.rf.b36c6a2bed9bb3255473a61f8467df72.jpg,640,750,sad,53,152,620,701
54_30_jpg.rf.c570f9f8d8e163ea35926614db4eabb0.jpg,640,750,happy,77,134,551,703
15_1_jpg.rf.17966500d797848111398542a1518be3.jpg,640,750,neutral,27,137,470,670
91_12_jpg.rf.a88976f2dc555bc43de191b99a962931.jpg,640,750,sad,32,190,509,726
30_34_jpg.rf.cc77b89b2176676b8670443219fc3408.jpg,640,750,sad,99,123,592,688
37_3_jpg.rf.924a0b61e344c8b5ffd2fab6546b80ee.jpg,640,750,happy,132,141,562,683
21_8_jpg.rf.5ac38324787657770882d56f90ab6370.jpg,640,750,happy,87,119,544,685
112_18_jpg.rf.1431aae5de8baa793b6d44bf482ce215.jpg,640,750,neutral,180,179,609,673
46_32_jpg.rf.43e735404e2a2c2567fabd1173a14be3.jpg,640,750,happy,99,172,488,637
80_25_jpg.rf.63ce407b5daa2901e2bf4a2fd84ec104.jpg,640,750,sad,96,165,496,666
26_30_jpg.rf.5860283e4459f0daa99ae043efaa2a7b.jpg,640,750,happy,129,146,565,674
18_2_jpg.rf.353a45400f5c71e736df33855cabacaa.jpg,640,750,happy,164,176,546,652
89_34_jpg.rf.ce4378b23c129cbf38e91bf62165ab5f.jpg,640,750,sad,160,222,559,688
116_25_jpg.rf.0d226802d19d97dad53e8f07ab1ebb7a.jpg,640,750,happy,121,171,567,678
4_15_jpg.rf.1c2ce653e1908b9cf6db3dc602f412aa.jpg,640,750,happy,142,191,609,743
110_21_jpg.rf.0a051792a88fb57f4cd81e6205d307fb.jpg,640,750,neutral,13,117,536,710
132_11_jpg.rf.dd20ff827557506f4b27df84a58890f5.jpg,640,750,happy,179,184,549,652
129_32_jpg.rf.d9836ebcc5483a31cc0a5db910712b87.jpg,640,750,neutral,44,155,570,718
86_6_jpg.rf.8d85e4f4f15244b529093ec6c4e8fc84.jpg,640,750,neutral,172,248,588,660
74_9_jpg.rf.439ea6e1327121f1b1e55043284e248e.jpg,640,750,sad,68,168,547,677
30_28_jpg.rf.f91c288bc461cf73442504f76c8930d1.jpg,640,750,sad,131,141,594,676
76_8_jpg.rf.8fc3d88048d7139befb59d038982859c.jpg,640,750,happy,158,200,498,634
139_3_jpg.rf.604cabbd8fc823fcb8791414e1352d19.jpg,640,750,sad,48,174,526,713
85_34_jpg.rf.31ac8b1393b80240998becf1a71824ee.jpg,640,750,sad,179,214,536,639
3_19_jpg.rf.eaeeab1d77bd8025f8b2a28f6f397ca5.jpg,640,750,sad,155,197,547,639
31_27_jpg.rf.609d0d5f11bab7cd04737bbe2c7478fa.jpg,640,750,sad,59,162,512,716
82_23_jpg.rf.6098bda1a4aef0c131417d2845b2aaea.jpg,640,750,sad,96,170,581,711
83_25_jpg.rf.5526c1d0b8e1ccf9a73ab6878150a803.jpg,640,750,sad,47,204,470,665
17_0_jpg.rf.65bab7d5ec0f46c03fe4d240684c8ddd.jpg,640,750,sad,160,231,538,634
135_2_jpg.rf.6e57d5d26888a01b6f66f18f32b089ff.jpg,640,750,sad,191,204,543,627
12_24_jpg.rf.dd7b6ff9ab7ad06ee73ab8581eb36182.jpg,640,750,happy,100,134,583,693
102_22_jpg.rf.55632a2161f37bc0d73d4d66ee34f0f2.jpg,640,750,sad,101,133,587,665
39_0_jpg.rf.621ebb0d8c07feac655ff07c2a191ef4.jpg,640,750,happy,67,199,447,686
131_5_jpg.rf.9713a818ec83cfc73b6780dba4277d71.jpg,640,750,happy,137,203,513,623
50_34_jpg.rf.99b5102f24fedc84aa7bd41b88d0fa80.jpg,640,750,sad,196,210,587,654
50_34_jpg.rf.782a929470859cb3824f2f321e0d6bef.jpg,640,750,sad,178,232,550,654
103_20_jpg.rf.651f358915482853ba8033e9823047a7.jpg,640,750,neutral,94,168,560,689
78_6_jpg.rf.ec6c577f56adb382fc35248fe6a9b3a2.jpg,640,750,neutral,34,65,555,652
123_25_jpg.rf.4ebfab7518acba124de803ea414dea5d.jpg,640,750,sad,68,131,575,731
65_14_jpg.rf.2391766b42f8efc7b19745d8268421f7.jpg,640,750,happy,129,170,614,681
34_19_jpg.rf.34ef55d63382aaffe8441fd0acf40495.jpg,640,750,happy,140,224,547,698
136_33_jpg.rf.4e631f9a34e2938813691682428f7047.jpg,640,750,neutral,0,71,567,675
116_15_jpg.rf.429f1336b9f8df68a3c8c110a9eba1a4.jpg,640,750,neutral,95,202,398,641
39_0_jpg.rf.cb6607c2bda8ef668cbee2dd63b6f8d8.jpg,640,750,happy,87,187,483,701
128_1_jpg.rf.f4cc25c0a92886d79a2251908eaf78fe.jpg,640,750,happy,97,203,432,643
106_16_jpg.rf.edc01f90a30ec834702b142485fca81b.jpg,640,750,happy,155,148,603,665
8_23_jpg.rf.32b75d43043d084261d37f9969d409f9.jpg,640,750,sad,61,182,459,656
49_6_jpg.rf.74e54b5a62bf504c7787fe65d5038f6a.jpg,640,750,sad,147,236,504,623
115_4_jpg.rf.af9b658451df3db99b1c1437a96599c2.jpg,640,750,happy,110,193,527,680
139_25_jpg.rf.a98988d9712b44c1888aa785a1955a57.jpg,640,750,happy,39,159,461,679
54_21_jpg.rf.64a038733ab761db8a987c58f993692e.jpg,640,750,neutral,81,63,640,681
79_15_jpg.rf.cb25bcee084c8891ee5f78648f032cd0.jpg,640,750,sad,15,140,489,699
33_34_jpg.rf.af7374a70e9e4c5cf2a04a451d7bb441.jpg,640,750,neutral,48,162,534,680
84_1_jpg.rf.243cc6170cef9a162f3d11b5eb1cd908.jpg,640,750,neutral,60,45,592,664
110_21_jpg.rf.7b85bd03e8ab5e48cc2c490de45b8a58.jpg,640,750,neutral,138,153,587,682
101_34_jpg.rf.3d52c5896e61d76f11a3b143cdab3984.jpg,640,750,happy,178,197,554,650
31_27_jpg.rf.700d11c8f2c004293aa734fbd313b0cf.jpg,640,750,sad,73,162,489,691
16_0_jpg.rf.085a29020cc49e1ce6c7a61ac93c25f9.jpg,640,750,neutral,41,42,640,700
78_10_jpg.rf.5110f773699f50560f9a5ca6e07d6ed5.jpg,640,750,happy,80,180,485,651
131_9_jpg.rf.436d4d44385ef948eaa068b648b27c30.jpg,640,750,neutral,24,71,562,620
136_33_jpg.rf.dec267fc74d41d4e52bfb50e3e0785df.jpg,640,750,neutral,12,111,535,648
124_6_jpg.rf.1fc7287c54ea773e99d955fa659af037.jpg,640,750,happy,92,165,598,697
74_9_jpg.rf.2af573a345a9522a8d0691d66ffa918c.jpg,640,750,sad,131,212,506,629
79_15_jpg.rf.1f5a6aef50c7b91a8ff55416aa6e7139.jpg,640,750,sad,180,187,529,641
77_5_jpg.rf.1b587023266de30a9ae30b73c1f6669a.jpg,640,750,neutral,147,187,547,631
96_31_jpg.rf.2ca4ec08f4cbb3c755fc9047db4e19c7.jpg,640,750,neutral,33,135,508,652
102_22_jpg.rf.8e54853fb900dd6ada1f368fa49e19d4.jpg,640,750,sad,98,140,569,662
60_18_jpg.rf.9f5ea85f072386bba427f3dcfe0bb2a9.jpg,640,750,neutral,85,172,518,671
13_9_jpg.rf.1ff7312e2367a22ad41a34cbb73092fa.jpg,640,750,happy,156,195,558,670
89_10_jpg.rf.8befb1fdf00458e5ba21a41b7ae3c7ac.jpg,640,750,neutral,179,183,548,633
37_3_jpg.rf.bf0e0bbd7b0a86051da07775ae79f452.jpg,640,750,happy,140,189,493,653
119_31_jpg.rf.0b1e55bdb0d06d2861cf99bac022c9ca.jpg,640,750,happy,194,205,559,643
85_7_jpg.rf.c03bae5891e474f1d5ecf09997732ada.jpg,640,750,happy,28,151,509,681
115_4_jpg.rf.84cf87fe7834818dcb02075da2e2a385.jpg,640,750,happy,134,209,502,656
95_31_jpg.rf.4a8a8fc906bd998f8dee3b58472dc44b.jpg,640,750,neutral,86,193,464,634
32_20_jpg.rf.b3eb1d956dbe1a22bb07f39ec2177fe1.jpg,640,750,sad,155,181,568,674
128_25_jpg.rf.7773fe0fcda2af9fd8878b46170d0e11.jpg,640,750,neutral,186,223,533,630
22_10_jpg.rf.f61f4dfc2635b8a12dfc7ce005b92c5f.jpg,640,750,neutral,110,139,544,641
107_18_jpg.rf.23139e6513d4a6738a2984dead7ada35.jpg,640,750,happy,43,110,579,702
11_8_jpg.rf.5c16909f69573d149c6174e3d0b09811.jpg,640,750,neutral,190,166,552,637
96_15_jpg.rf.87ba4de0745d002c1c8826efae8cec61.jpg,640,750,sad,96,214,448,615
129_32_jpg.rf.7d8760edb41be1114c6cb8affc8e0e17.jpg,640,750,neutral,174,215,565,651
38_17_jpg.rf.352b9d282a505b4d83d9fda379c20ea5.jpg,640,750,happy,25,129,535,708
46_32_jpg.rf.b5ee27d343561b10422cf231b8bc9b50.jpg,640,750,happy,106,147,575,678
88_14_jpg.rf.19641dc704416e5c8ae865872ba98d4a.jpg,640,750,happy,134,185,556,645
9_13_jpg.rf.fcbdc63c6bb9b154702a245d4d9d9494.jpg,640,750,sad,87,197,514,667
116_25_jpg.rf.8d030c4ca3b9b3c0f8ca94fe1786e298.jpg,640,750,happy,105,199,465,637
118_14_jpg.rf.21e6b940222aa36d8e006e3627516c9c.jpg,640,750,happy,58,197,523,697
132_10_jpg.rf.54cb43aaaeb4228da545ef4343c65f50.jpg,640,750,happy,46,122,464,665
107_23_jpg.rf.a8755c92e6a499d92c3adb009cfc27c5.jpg,640,750,sad,164,191,569,643
81_10_jpg.rf.64c103a2b5db0dae90367ce385c12c90.jpg,640,750,neutral,143,139,604,668
34_3_jpg.rf.dd666a7c02b68c21b833d4f4961133be.jpg,640,750,sad,83,221,451,649
100_10_jpg.rf.e8e07aa501aeea78cd4ebffc1a22b79f.jpg,640,750,happy,103,116,640,742
100_17_jpg.rf.c6bb78443e455b29b43bcfe31bf38ab1.jpg,640,750,sad,122,171,612,709
88_14_jpg.rf.80107e38566b3dfe777b1ea3f11392c3.jpg,640,750,happy,69,186,505,662
119_31_jpg.rf.f979636c93980b25dfe7fa0f3737158c.jpg,640,750,happy,59,190,468,666
81_10_jpg.rf.fa49f382d9e1fc8f242b76dcd54aefa9.jpg,640,750,neutral,185,188,538,636
60_14_jpg.rf.489ddafae064b98ca24c62f25a0dddb2.jpg,640,750,sad,101,184,516,659
16_0_jpg.rf.db2ff56ce685fd97d3619af8b845491b.jpg,640,750,neutral,16,112,559,652
22_23_jpg.rf.93dbedcacf1984093b1526c2d93696eb.jpg,640,750,happy,63,187,421,671
139_7_jpg.rf.b741cc15c24177b2eac600a847c19289.jpg,640,750,happy,107,148,596,717
57_6_jpg.rf.a5cbe8ecdbc810f5b73a703cbb6cf030.jpg,640,750,neutral,100,181,464,622
125_21_jpg.rf.ddfb7480a8c14b88d92797f3b9610374.jpg,640,750,neutral,85,89,612,650
5_34_jpg.rf.3dd2bf5f605029995e25f76a133ad7df.jpg,640,750,happy,139,262,601,733
112_18_jpg.rf.819c61b955ca6e3d43e8075b3a1da06e.jpg,640,750,neutral,190,184,639,704
50_26_jpg.rf.3f422151bc4936e79ea6e4714c7f2336.jpg,640,750,neutral,13,0,640,696
53_27_jpg.rf.e84ee1a69bb3f40b27ab8079cdd9695e.jpg,640,750,sad,173,221,537,619
2_14_jpg.rf.ba5daae9c6a281dfd14d9cdf71db0b2f.jpg,640,750,happy,172,207,542,623
123_15_jpg.rf.ebf2157e9d85b112ecd2295f5bedf934.jpg,640,750,happy,86,100,623,728
100_17_jpg.rf.8ec328cf848b4b2b8d6231a4ee77ded9.jpg,640,750,sad,132,196,530,644
10_11_jpg.rf.7856c3e06cfae1a36750129004a5b47c.jpg,640,750,neutral,97,179,476,647
104_8_jpg.rf.44c3bcac3c132b9b3f0bbb01135eab38.jpg,640,750,sad,148,239,560,678
125_21_jpg.rf.423237387d8a374b1c3e6398ff9c072b.jpg,640,750,neutral,60,64,638,672
110_21_jpg.rf.2c6c16eb9010416404c215f7cb0536b8.jpg,640,750,neutral,87,177,486,660
53_3_jpg.rf.aaf5ba1cb69b8b1b9d441460c139aa3b.jpg,640,750,happy,174,171,586,695
50_34_jpg.rf.4bbb056903c8cb2e8e39b13f321ff4e6.jpg,640,750,sad,105,237,443,626
10_11_jpg.rf.e0c55fc3cffafdfb5b5ca2d235fea49d.jpg,640,750,neutral,92,156,527,682
91_22_jpg.rf.a427386f90b32522f1da57f50c365d4d.jpg,640,750,happy,112,141,600,674
77_20_jpg.rf.a32e4c593dc5a2971914d2874f96ac4e.jpg,640,750,sad,53,146,581,716
23_13_jpg.rf.e59ce37007823c28959ee86df4e1cc6b.jpg,640,750,happy,55,173,471,672
107_23_jpg.rf.f747695c6220db064c04e2d6bce6b930.jpg,640,750,sad,98,211,462,618
48_17_jpg.rf.e484bc7589002202212a6b0ee006cc7c.jpg,640,750,happy,119,180,554,671
32_9_jpg.rf.741baf677c1bfd75b5842e271481c443.jpg,640,750,happy,127,123,640,750
52_12_jpg.rf.13b67954e28d0daa701dd3a7d98c8f96.jpg,640,750,neutral,23,79,582,656
21_2_jpg.rf.748cdabcf4759c616d43c5cb9e68e2d1.jpg,640,750,happy,54,148,517,713
78_10_jpg.rf.747ba8c0617d30d75f12ca7f2a0a5053.jpg,640,750,happy,163,184,555,644
12_24_jpg.rf.d27146dc8c71bcf08b6f1fc34017304d.jpg,640,750,happy,161,166,539,647
59_15_jpg.rf.400ce0dcbdb495e1918eeec1c982a0e3.jpg,640,750,neutral,93,94,624,651
30_34_jpg.rf.2f58b31d6d328d3d413dd7674127a494.jpg,640,750,sad,136,161,543,654
108_33_jpg.rf.44cf28e95cf332743f26edfbcacb99c3.jpg,640,750,happy,44,167,523,702
62_27_jpg.rf.917de8184fb84fd7efcb84c256ea45d9.jpg,640,750,happy,168,235,539,659
110_18_jpg.rf.8b3787c9c11a2299f4a177d160f5b598.jpg,640,750,sad,0,41,611,707
117_31_jpg.rf.56e361db1429561a4db674e7ded3eeb3.jpg,640,750,sad,87,204,488,678
112_18_jpg.rf.bf0b59ae2e943bda0df4bb97821909ec.jpg,640,750,neutral,97,229,431,648
17_0_jpg.rf.a140ab2dd120e5f1bf1af638cd738119.jpg,640,750,sad,60,182,519,664
5_9_jpg.rf.fbd38a13cc67c5f363db6a621f9de84a.jpg,640,750,sad,91,295,441,631
94_29_jpg.rf.7bfc2512f9d3490979f8283ee19077e0.jpg,640,750,happy,102,159,559,660
42_0_jpg.rf.2f0789c94f81e2071f4fabdbbc919acd.jpg,640,750,happy,109,178,580,702
38_17_jpg.rf.7a9575e51e3d732b647fdcbd828af14e.jpg,640,750,happy,169,174,553,647
57_6_jpg.rf.055e32b80eafbb962c01b878ea8cf7e7.jpg,640,750,neutral,149,142,569,634
126_31_jpg.rf.a8f74bc323c7e3cfea0c119e96982b2f.jpg,640,750,neutral,138,194,523,643
0_19_jpg.rf.99d56d4442582d0b48c4b9863cad2183.jpg,640,750,happy,142,157,587,657
22_17_jpg.rf.6d52f955479a9043dcf51bd01b7c6e62.jpg,640,750,sad,71,205,463,653
125_20_jpg.rf.6284138490f967b9d1c8d4b652683eab.jpg,640,750,neutral,109,124,617,681
101_13_jpg.rf.0b32cbb6b3d015325dc54228c7bd0cff.jpg,640,750,sad,146,161,600,659
51_5_jpg.rf.dc1c89ac45df112f8c2f79ca32f8a7b9.jpg,640,750,neutral,79,115,587,648
100_10_jpg.rf.144718d213ad3f06018aa131d7e5e17d.jpg,640,750,happy,80,138,588,725
84_17_jpg.rf.c7925088bd2956ead7c20123f8fd2ca6.jpg,640,750,neutral,5,42,621,690
138_29_jpg.rf.50bb9edd47280f20e244b544fe97eef3.jpg,640,750,neutral,138,180,567,667
77_20_jpg.rf.31732f8bec5fc7efa573ba68f7014e9a.jpg,640,750,sad,130,194,521,637
125_21_jpg.rf.42a4f128a4a31a768b7262035d66eec6.jpg,640,750,neutral,9,62,639,726
76_10_jpg.rf.fe26fdfa2ba3e24d8864dae3b6628556.jpg,640,750,sad,69,223,398,658
33_18_jpg.rf.a1198459f4eba32766c62977790b2659.jpg,640,750,sad,141,191,560,646
39_0_jpg.rf.3c017b3cc8b2858dfa0d1828b8309523.jpg,640,750,happy,194,199,555,667
107_29_jpg.rf.276eace8544f8b2cefacc8d75f85d6ad.jpg,640,750,happy,95,192,482,647
131_34_jpg.rf.40450bc4270f169067db6ea1e3316eaf.jpg,640,750,happy,176,161,548,644
24_27_jpg.rf.4b3ad37543c1fdb13b50892cf20595a4.jpg,640,750,happy,169,201,562,660
100_17_jpg.rf.02aa17ff06e33594a2df22d668233e32.jpg,640,750,sad,40,140,538,678
91_7_jpg.rf.a33ed8bcbba6629156f4b933f9a46cda.jpg,640,750,sad,81,215,565,750
92_3_jpg.rf.6777d0a6ae6deb558e7f785f31827d72.jpg,640,750,happy,137,143,598,702
34_19_jpg.rf.8530adc97a1a3c332cbee844044f86a4.jpg,640,750,happy,28,200,478,705
95_31_jpg.rf.bdaa5a59280e876829cbb9a5c32eb3ae.jpg,640,750,neutral,134,193,591,711
5_9_jpg.rf.d8081c8e581de6575843eed733f69b8c.jpg,640,750,sad,27,237,467,667
114_26_jpg.rf.fd8a77471cb0e99b74b7659decbb27d6.jpg,640,750,happy,141,186,630,699
119_3_jpg.rf.858cb174636840d8ed9008be3db64300.jpg,640,750,neutral,127,180,586,683
137_14_jpg.rf.d0fcb3322c8f8440a06299084fd6e014.jpg,640,750,sad,155,198,577,638
59_23_jpg.rf.10f42d6f8548b5f74bf88edc1113828d.jpg,640,750,happy,152,197,568,674
118_14_jpg.rf.7bae1c075234df9710d0cd606ca1d33a.jpg,640,750,happy,172,223,552,648
87_25_jpg.rf.605949a32216ef7f667c13d2ba23cd0c.jpg,640,750,happy,49,101,591,704
84_2_jpg.rf.b910013e3906366d615a89938e45744b.jpg,640,750,neutral,96,139,565,680
115_4_jpg.rf.07d918eecc922352c119f7323f99c429.jpg,640,750,happy,97,180,545,695
8_23_jpg.rf.8c95215f36a7c1460c8d345803873738.jpg,640,750,sad,95,213,440,643
9_13_jpg.rf.85e779e1fc55f5053bbb0e6f6c4f8de9.jpg,640,750,sad,82,154,549,666
100_13_jpg.rf.78b5106f464ec1f152958f87a4a87b1e.jpg,640,750,sad,49,144,489,655
57_6_jpg.rf.ec3e9e88d6040c2f578eb1cdc8d402df.jpg,640,750,neutral,155,171,559,645
130_28_jpg.rf.65deaec8c2bc8253a8cfe5393976a7ed.jpg,640,750,happy,136,137,562,690
18_2_jpg.rf.2a42a3e28359a40379adbe1e3a967f58.jpg,640,750,happy,109,135,631,740
65_21_jpg.rf.3fb5f2dc1ecf3f8df29b3b5fb6fd67eb.jpg,640,750,neutral,59,189,435,637
12_14_jpg.rf.f46055380bb95b1a54dc1f136f3df2b0.jpg,640,750,happy,44,156,543,741
123_11_jpg.rf.32271f2bbdae9849f93d70f758190ce8.jpg,640,750,happy,66,161,546,710
13_9_jpg.rf.f4de176fe65ca412526dd283c05c01e5.jpg,640,750,happy,128,179,580,694
132_25_jpg.rf.9b133bdbf4254a9c52048c8008234fa6.jpg,640,750,neutral,93,189,491,681
126_17_jpg.rf.fa6ec5e6defc91b88dfd0b831520f75a.jpg,640,750,neutral,80,186,465,679
25_14_jpg.rf.2b09916f474755cb94463ab027573003.jpg,640,750,sad,99,230,443,629
85_14_jpg.rf.582ff2be7a3369f5602bfc0b1a7a5245.jpg,640,750,neutral,173,215,548,641
71_13_jpg.rf.a86c33b00d11ac64d00e8cd4f770214b.jpg,640,750,neutral,0,182,464,710
15_27_jpg.rf.b395de030239205d34053592ee143cbf.jpg,640,750,sad,80,197,456,662
80_22_jpg.rf.87ae74da1f885a7b84a03a75325cfe7a.jpg,640,750,neutral,107,162,514,661
133_4_jpg.rf.12638e6a64f116773792849b0729bb93.jpg,640,750,neutral,86,169,532,651
64_28_jpg.rf.ae0eca7c372e7fb94d2702d7dce33bb8.jpg,640,750,neutral,79,171,529,644
16_12_jpg.rf.5c9cd35de57bff0cf885dede021d5111.jpg,640,750,happy,71,198,493,682
91_7_jpg.rf.6b9d2ad2e8ab7f2897e0bc9a97d3cd99.jpg,640,750,sad,87,160,567,687
25_23_jpg.rf.1674e8392f1343c6b0d41100da0919a2.jpg,640,750,happy,91,216,481,662
48_20_jpg.rf.750671e92ff4a558fc18b0180cd5ad3f.jpg,640,750,sad,196,211,542,639
45_15_jpg.rf.415ec3762a93a0c9c24c3f2250fefd15.jpg,640,750,happy,35,176,486,666
0_30_jpg.rf.4a9cb4b465e5c01635627564f89cf7df.jpg,640,750,happy,84,190,466,638
138_3_jpg.rf.bce50abdca6e4d4b9a64373de4d1b9a5.jpg,640,750,sad,77,196,501,674
15_10_jpg.rf.d395cc98f5b061ef9bcb6c711d87e834.jpg,640,750,happy,113,153,545,675
128_20_jpg.rf.1415b62e2be16ae897c4cc2d7a6d19bd.jpg,640,750,neutral,136,227,511,632
32_3_jpg.rf.eb8300339d4fa46331ec9d7c2f435a9d.jpg,640,750,sad,72,130,555,697
78_15_jpg.rf.f4724df1596e44398259ecce34c13cbe.jpg,640,750,neutral,0,0,611,715
125_23_jpg.rf.01ed1a874625677ebd14989069e18094.jpg,640,750,happy,156,189,555,656
104_24_jpg.rf.aca4475e1626fa7f504bc34402859238.jpg,640,750,neutral,178,199,640,703
71_16_jpg.rf.ec1a651fa12d40e4d98ce0f1ce334bc1.jpg,640,750,neutral,155,222,573,682
81_3_jpg.rf.a2098d050df878c3a7d06f1794a28f37.jpg,640,750,happy,197,190,568,664
0_15_jpg.rf.1139131546c08e6c8b1f5b5adf007c1e.jpg,640,750,neutral,57,78,640,724
43_21_jpg.rf.b7815405edcbf495613a30c4e2bcaf9b.jpg,640,750,happy,96,144,487,667
108_7_jpg.rf.5d2273554f468b80b689f613867c56fc.jpg,640,750,neutral,127,179,539,668
42_15_jpg.rf.4d45e64afa4a4728f2942a09e5fe40aa.jpg,640,750,sad,142,229,499,627
13_27_jpg.rf.a1673c7bb807cac40fec06275eb417c6.jpg,640,750,neutral,148,183,617,696
83_9_jpg.rf.f483fead9b315fcf2155792338dcc779.jpg,640,750,neutral,84,207,458,641
123_1_jpg.rf.fb727eba418632aee1ee4fc05bb354d5.jpg,640,750,neutral,107,213,462,653
122_17_jpg.rf.680effade451757d680ebc08ff1e8e99.jpg,640,750,sad,103,120,601,702
121_17_jpg.rf.27923e81ed5ea74a0ab901fb15ac15dd.jpg,640,750,happy,100,204,471,649
62_34_jpg.rf.2c04321d806d185de8cdd1a22e1d881f.jpg,640,750,happy,117,247,510,674
0_9_jpg.rf.c7a9eda581003a973c469611c8f76386.jpg,640,750,sad,157,195,544,637
108_14_jpg.rf.b8ef309b2e00a7bd940d38c61f21f3a7.jpg,640,750,neutral,230,202,555,632
71_27_jpg.rf.95f104e396f6327db3b6db1e84eb4356.jpg,640,750,happy,93,211,459,650
27_18_jpg.rf.5fefed961b818e4784465fff0214ea5c.jpg,640,750,happy,190,211,561,658
86_11_jpg.rf.b8cfaf4fb2978c2f8f06dba010ba8ef6.jpg,640,750,sad,121,194,558,637
34_28_jpg.rf.644709b73be525f921e3748cffb91e54.jpg,640,750,happy,108,189,535,683
93_16_jpg.rf.bf6496d8235b956f27afe65d288c5636.jpg,640,750,sad,128,221,521,659
129_29_jpg.rf.d03892f16d0bfcf676bba56f89b2c171.jpg,640,750,neutral,131,183,532,634
137_3_jpg.rf.c4895d3b082db80f11f8c58b36c1fefe.jpg,640,750,sad,107,198,549,640
15_27_jpg.rf.2bb5f4ed9a5ed3aac9c2ab6c51365c3d.jpg,640,750,sad,156,171,573,677
35_23_jpg.rf.7ae75aae3f09dca33b5003acc2f3be2d.jpg,640,750,happy,86,214,481,697
61_28_jpg.rf.f8685203489e9af9c019d4b2f7c26a5d.jpg,640,750,happy,107,147,640,750
135_9_jpg.rf.95fa1190f578538808c6c68e088653c3.jpg,640,750,sad,111,148,550,655
88_19_jpg.rf.5b363d394de29b5c9371cb3963967023.jpg,640,750,sad,116,194,566,681
15_10_jpg.rf.06a152ddb3d11eb344e3ffcad9a71b52.jpg,640,750,happy,129,167,522,668
45_10_jpg.rf.88580f565354b858f8953d694fc0272a.jpg,640,750,neutral,12,33,640,708
137_21_jpg.rf.6434c9e8e1e505ff3123c762fe7df169.jpg,640,750,happy,22,160,520,677
106_32_jpg.rf.1df287ed45eb5f90372f2ba8f085c0ec.jpg,640,750,sad,145,230,508,628
24_25_jpg.rf.a1b1139e753d10ff3fe12e61ed6afe75.jpg,640,750,sad,196,261,574,658
108_22_jpg.rf.0fd5f338a7abd34c39d9d62b7e7d743c.jpg,640,750,sad,100,185,530,691
102_6_jpg.rf.74cec24267a77e479499083801e85854.jpg,640,750,neutral,85,135,599,701
11_3_jpg.rf.083ea8259164c6c670175e8e70e5479c.jpg,640,750,neutral,62,155,500,694
139_14_jpg.rf.3d36399d1ad46ba929e004e7481cf840.jpg,640,750,neutral,192,215,529,639
86_21_jpg.rf.c5269f1222afc75b9b6814ca114f45bb.jpg,640,750,neutral,160,247,586,676
48_17_jpg.rf.4687ead5ca9a0c27823bb753b1ecbaa9.jpg,640,750,happy,71,200,510,704
92_26_jpg.rf.bbd4a8113dba0eb408b86f565a360749.jpg,640,750,sad,113,163,560,670
91_10_jpg.rf.00eebd539e9e69a28727f8ff977b2474.jpg,640,750,sad,198,237,532,655
114_19_jpg.rf.5fc253a061e806618893c932b33078da.jpg,640,750,neutral,191,252,591,658
74_28_jpg.rf.1e3452d20de1448e215135165e289310.jpg,640,750,neutral,64,119,586,674
89_19_jpg.rf.5dd64a3f7d65887f806e7f398c937696.jpg,640,750,neutral,130,183,541,672
45_15_jpg.rf.c629e0a16f0af25c2107bcb23d07edbd.jpg,640,750,happy,97,196,591,721
84_14_jpg.rf.d474e26c4785e4c0b027688006f41b5e.jpg,640,750,happy,62,105,552,702
13_1_jpg.rf.d4cdf497685f1d2875b5ee5f5b4269ac.jpg,640,750,neutral,110,211,518,676
19_3_jpg.rf.02a572e0a206ea135b175b76755a07fc.jpg,640,750,happy,100,184,437,656
85_14_jpg.rf.492452cd507803afa97f987c0a34f263.jpg,640,750,neutral,176,213,537,627
107_27_jpg.rf.80e9c76ad5f69cdace00d6c7b787b144.jpg,640,750,happy,135,156,622,683
78_15_jpg.rf.8c8c0b23353d29e4ecbcc4d6648e8707.jpg,640,750,neutral,0,54,589,714
40_23_jpg.rf.8cb13425db89fdebdadafbc707a49710.jpg,640,750,happy,158,206,583,650
137_3_jpg.rf.b0ee5577fa5a2f807cccbd003e699039.jpg,640,750,sad,109,217,519,627
93_11_jpg.rf.f7475d52fd38811f59ab5630980b0c64.jpg,640,750,neutral,89,130,598,641
79_29_jpg.rf.8f1a31ddc0f1e9ff9533d0e187683be7.jpg,640,750,sad,114,152,520,665
108_7_jpg.rf.24bd61f83f72204c6fa0edf7aafa89d5.jpg,640,750,neutral,58,125,568,694
100_1_jpg.rf.7e3bfdda79d0351fc9c3eec09a375120.jpg,640,750,neutral,66,177,463,681
74_28_jpg.rf.b0beaf330618bae7cf821debfe58aa4e.jpg,640,750,neutral,22,75,538,635
80_22_jpg.rf.90f93e86dbc59b11c74b1d3b6b1d0506.jpg,640,750,neutral,78,144,540,685
16_12_jpg.rf.f457252a9d77005a95db56d5660fdaf8.jpg,640,750,happy,90,205,466,641
57_25_jpg.rf.5cd4f29afb98573356918b308d7575ad.jpg,640,750,happy,66,154,466,675
139_14_jpg.rf.03bb0f953a940fc0c0b0d1f1fa1f1758.jpg,640,750,neutral,90,209,486,695
45_10_jpg.rf.a8f91a04d5859be1451fa9a476f091a2.jpg,640,750,neutral,0,64,613,662
92_26_jpg.rf.45c04e8192c4d5fda3edb02ff96051b5.jpg,640,750,sad,138,193,521,647
119_3_jpg.rf.c085ed2366dba0b0f8513ad0a8035ae7.jpg,640,750,neutral,141,171,581,665
130_16_jpg.rf.36df25e87afdf52cdd07f661ddcb279a.jpg,640,750,sad,65,165,503,682
19_3_jpg.rf.8dcf3793e126a2f5fd6023d3ab5d542a.jpg,640,750,happy,189,174,549,666
81_30_jpg.rf.6b7ac03adafc3b2b43267f2cb7f81604.jpg,640,750,neutral,192,183,558,634
121_11_jpg.rf.d5ee9d12627472f6783f2212d0d77047.jpg,640,750,sad,100,125,599,680
40_23_jpg.rf.b177f03144c2180c3f9edffd08c2e902.jpg,640,750,happy,53,203,493,662
135_23_jpg.rf.57f0d17930de6d89af17649c9e593970.jpg,640,750,neutral,188,191,541,626
133_26_jpg.rf.62aec6cb0967743e85f8e52a3fda7088.jpg,640,750,happy,68,181,514,683
48_29_jpg.rf.dcb9be9a1663d7fe594c7693ba2d8a76.jpg,640,750,happy,197,211,535,644
79_28_jpg.rf.7070d07b061c0e02d1c932be5afb02d3.jpg,640,750,sad,141,142,620,709
71_27_jpg.rf.c878828263742d939f47f7923e0c9e6d.jpg,640,750,happy,143,159,615,685
106_3_jpg.rf.becc4c33e470cb6a7c69febe1198b5d0.jpg,640,750,sad,28,120,520,698
36_32_jpg.rf.c38ca6a62fff397fcd9db63ae117e9e7.jpg,640,750,neutral,72,72,639,652
13_27_jpg.rf.1e67d1862a5610d89bc3af37740d87fd.jpg,640,750,neutral,180,224,549,649
13_27_jpg.rf.02120d42cc6e2ed091429b264210260a.jpg,640,750,neutral,165,211,564,665
40_20_jpg.rf.64927b6b26ff8739d9af6dcebef98cde.jpg,640,750,neutral,160,179,585,657
96_31_jpg.rf.2da74120bf44ca23703fd2721601818e.jpg,640,750,neutral,86,163,497,624
0_9_jpg.rf.0b47f3ffc8c3ad5c5eb625de0f2c4579.jpg,640,750,sad,43,151,535,694
128_20_jpg.rf.1601300d76490f8a2ca08dfd344a2cd4.jpg,640,750,neutral,59,142,567,676
65_18_jpg.rf.5321300d686105fc31e1a1ed7e4191a8.jpg,640,750,happy,196,230,545,644
75_24_jpg.rf.282ff9f6b3de8d183ec60d4b290c830e.jpg,640,750,neutral,102,238,434,632
36_32_jpg.rf.833dd359ca60aefa0a52c652c4bfa616.jpg,640,750,neutral,0,31,640,726
111_6_jpg.rf.40f8446759ff524ee718ee563c2bf039.jpg,640,750,neutral,94,219,399,645
16_12_jpg.rf.6cc7f271e6ffef089ad4fcec1d05f9b4.jpg,640,750,happy,82,197,480,652
85_14_jpg.rf.65bbaf26f054abfb330432fbe9ddb039.jpg,640,750,neutral,94,188,497,646
61_28_jpg.rf.c8dd569f776e75b8ab8a766c44c186e9.jpg,640,750,happy,93,182,468,677
91_31_jpg.rf.183a6a79d7fcb31cce383f35595f0e94.jpg,640,750,neutral,52,34,640,698
19_3_jpg.rf.940bb1846a25e7a43d214487c081750f.jpg,640,750,happy,186,179,551,674
87_25_jpg.rf.956afeae7888350978b4397f40f7765a.jpg,640,750,happy,107,148,515,640
122_17_jpg.rf.08f63f4c7b04ef34257c0ada040835c5.jpg,640,750,sad,38,120,530,696
130_10_jpg.rf.5be38ada5d1f95da9adf433ac6a03bf2.jpg,640,750,neutral,92,187,411,673
89_19_jpg.rf.d3026358819581203ce89a0987712359.jpg,640,750,neutral,141,204,483,632
94_13_jpg.rf.729e0d439992298c9e0c8fd2ee1c74f6.jpg,640,750,happy,205,234,564,640
94_26_jpg.rf.c1e9405e8a787f1d56ce072f51499263.jpg,640,750,sad,61,231,467,668
20_3_jpg.rf.6da9738e4291e88ef5a1bbb7dad651a8.jpg,640,750,sad,53,170,486,680
86_11_jpg.rf.c0670cf95ebe716624da6007ab1e9370.jpg,640,750,sad,139,259,501,629
100_1_jpg.rf.96377f94a4335c53e2d954165c18ca84.jpg,640,750,neutral,19,153,478,709
99_19_jpg.rf.deee0736c44518ed16ffdc7ff6bd25d2.jpg,640,750,happy,6,0,610,712
114_19_jpg.rf.957a7571ea4e5cb053ab8feaff829d2e.jpg,640,750,neutral,188,259,552,629
103_27_jpg.rf.bf9dc94d115b52bc2c0c24750fe62e04.jpg,640,750,sad,71,179,538,693
79_29_jpg.rf.4b1e2a6935ff4e4a772e68d6883663ec.jpg,640,750,sad,73,129,563,704
68_18_jpg.rf.ae1cf995190e42a53cc030aa1d5c755a.jpg,640,750,neutral,193,220,526,627
86_21_jpg.rf.9e603625b9da8ad4acb11dc891bd8815.jpg,640,750,neutral,61,262,456,659
10_30_jpg.rf.764c8568a330352dcf51de34bd7021c5.jpg,640,750,sad,101,125,503,665
65_18_jpg.rf.ead0da04e069d604f12a9bc1e1292c79.jpg,640,750,happy,149,187,583,678
80_15_jpg.rf.0d83e57e56c9a3e8a3724337964cde29.jpg,640,750,neutral,0,16,573,708
50_18_jpg.rf.b396c333af6c34778b42cd1586b7fcbc.jpg,640,750,sad,119,194,569,666
4_22_jpg.rf.fd69178bc04ba9279689f72175ba70c2.jpg,640,750,sad,127,216,511,636
16_6_jpg.rf.6db7949deb2a337f7e6df22d84bf1cdf.jpg,640,750,sad,64,188,458,668
105_12_jpg.rf.2f55ed0283145bb51b6b3fa64776f362.jpg,640,750,sad,110,182,545,651
34_11_jpg.rf.7e6c1ea4576d899b4576c36a53ead4e0.jpg,640,750,neutral,82,135,617,661
63_6_jpg.rf.fdd986b913dc50f8a0b592f5aaa62306.jpg,640,750,sad,85,180,538,725
102_6_jpg.rf.74af3305d3eec433030cbef4145ab9bd.jpg,640,750,neutral,130,180,531,651
81_3_jpg.rf.dd391903c3dfc0df4fe531d1f4370809.jpg,640,750,happy,24,150,475,684
92_26_jpg.rf.2d2464b344b60e60819bc588ca812073.jpg,640,750,sad,134,147,554,645
11_32_jpg.rf.a563cb1e33356070d8400fcbe16480e0.jpg,640,750,sad,159,195,567,682
23_1_jpg.rf.65b77a566d4394aa616df763e50ff39f.jpg,640,750,sad,88,215,446,638
95_7_jpg.rf.a6efd1ea88ddaab24aa4b79fa8190cb4.jpg,640,750,sad,133,213,506,626
119_26_jpg.rf.0fa67f842f56625dbf465b638c202268.jpg,640,750,happy,144,167,566,679
76_25_jpg.rf.a0aba5e34b7f60ef5b1d4fc3e35cba7d.jpg,640,750,neutral,160,203,494,619
48_20_jpg.rf.09b963c99a369ee66ef66bc7e7dcd54d.jpg,640,750,sad,108,224,433,631
83_9_jpg.rf.3373226a13e8ab041837e9de2fe03521.jpg,640,750,neutral,50,200,430,647
89_19_jpg.rf.73c6f62c61ace15c3ce486c763684948.jpg,640,750,neutral,115,179,523,658
65_18_jpg.rf.0cd5ae8305f6b753089435aaae9a6c2b.jpg,640,750,happy,133,211,584,710
36_19_jpg.rf.9c55b9b9d5f1448d1c9096234a7ae6ab.jpg,640,750,sad,71,142,519,645
130_10_jpg.rf.0e6abcfaee288c6997f127eb0c3f94d8.jpg,640,750,neutral,104,191,394,654
114_21_jpg.rf.82399eb827939145bdb433a016f97ae9.jpg,640,750,sad,151,212,559,641
133_7_jpg.rf.d03149b0aaa528186bc9f345a1168842.jpg,640,750,neutral,64,65,640,654
101_24_jpg.rf.8d0afa4b0853b47e48ebd2017ec725b6.jpg,640,750,happy,138,188,521,643
99_19_jpg.rf.c930704457dc8be128e364765e26b79c.jpg,640,750,happy,40,0,594,700
17_23_jpg.rf.6e4ab5dddcab3454a0a968412ca6cbd9.jpg,640,750,happy,54,177,540,697
56_32_jpg.rf.b931d33f8b0d1bc6df3f3272c5374367.jpg,640,750,happy,49,177,559,749
125_20_jpg.rf.8652023f96c10c4af7ee3b839ece69d0.jpg,640,750,neutral,150,187,539,635
81_30_jpg.rf.13a13a53910c27c478490b3b0c916231.jpg,640,750,neutral,36,146,501,676
108_16_jpg.rf.3f69115c6b847678c4813e4312176e87.jpg,640,750,sad,157,160,555,667
56_32_jpg.rf.722497177181b7e7db5e58dfa1b1ba1b.jpg,640,750,happy,176,166,605,675
55_0_jpg.rf.a37f74697ae1ec42f854f62b7f58d864.jpg,640,750,sad,83,189,458,671
9_24_jpg.rf.f0d50cda202a136ffa6a0cba101179f4.jpg,640,750,sad,104,225,426,630
135_23_jpg.rf.231cf2587ec87203cddcf55358043143.jpg,640,750,neutral,20,140,480,676
92_3_jpg.rf.052178d4671d3e6d46c41c0628fae7e7.jpg,640,750,happy,193,170,555,658
84_8_jpg.rf.298732d65b6d808aafbde66a2bca010c.jpg,640,750,sad,70,99,640,700
66_4_jpg.rf.1c6442bdebe51073c5293189ba5a4eea.jpg,640,750,sad,193,215,537,613
86_11_jpg.rf.faca40f9f4e8434804f82bac59919341.jpg,640,750,sad,120,224,531,641
104_24_jpg.rf.c9633ebe8936dc0f7c980421b27e54e1.jpg,640,750,neutral,207,237,566,642
73_2_jpg.rf.395a4b940cd2c9b3c67e9f243b622eeb.jpg,640,750,happy,39,191,539,706
8_33_jpg.rf.2c92e60af4b8682f5e72373f3a83a257.jpg,640,750,neutral,180,195,555,650
108_16_jpg.rf.9cb9aad596a52bbbfbae7172a0f33e83.jpg,640,750,sad,48,141,495,680
114_21_jpg.rf.7583f2d70de7768b217d25a1dacc42f6.jpg,640,750,sad,146,192,594,663
14_24_jpg.rf.00c82db8a5dbc2f0aa3957cb1f820057.jpg,640,750,happy,14,140,473,662
14_24_jpg.rf.c29b276a72f7f9d401319ece91f2c2a1.jpg,640,750,happy,190,179,598,658
53_17_jpg.rf.86fc629302313d4b6697c5c3937de3fb.jpg,640,750,neutral,94,202,468,618
46_23_jpg.rf.e86299ffd37fa4b90c7cbd0741dd404c.jpg,640,750,happy,73,175,516,675
34_28_jpg.rf.63669a9b8cf91e9b90a7f90e44fa3e0b.jpg,640,750,happy,141,165,554,655
114_26_jpg.rf.cece4c8f30b35793e66f3dfb6c755c9c.jpg,640,750,happy,82,236,471,657
91_28_jpg.rf.252a46bb1e8545f9d44eec76d4f1d13a.jpg,640,750,happy,68,177,466,664
135_23_jpg.rf.0c7133f54725763120780abbefdaa58d.jpg,640,750,neutral,138,166,577,668
67_4_jpg.rf.c18fb2b5cb8a095757b2a42478eee6d0.jpg,640,750,sad,194,209,527,621
24_27_jpg.rf.d68163bcf9f736342493effcf4c6947e.jpg,640,750,happy,102,206,469,638
106_3_jpg.rf.b277a585e94221bbaa8e6f14a619dd0a.jpg,640,750,sad,148,151,552,641
24_25_jpg.rf.3391d7921324b7e306d7a038fa6a21ef.jpg,640,750,sad,120,233,570,697
63_6_jpg.rf.04483e8d0f14ae2a114fad3d536683ff.jpg,640,750,sad,154,198,520,662
85_7_jpg.rf.cfb702190a749f4759eea8b372d7eb74.jpg,640,750,happy,175,202,551,642
119_7_jpg.rf.9567d92d775eae84dce34d52dbefee86.jpg,640,750,sad,111,193,512,652
23_1_jpg.rf.2ea0b65171920a5434fa2c85e6ce7d1e.jpg,640,750,sad,105,222,463,641
79_28_jpg.rf.b677aa919d9bd18412cae0dc2f47d141.jpg,640,750,sad,49,128,460,654
91_28_jpg.rf.588d5552a3a859472a724377bc11e771.jpg,640,750,happy,165,172,640,741
76_10_jpg.rf.ea4f8d818098fb961aa920ec35e050f7.jpg,640,750,sad,108,219,405,617
122_24_jpg.rf.6b63041dba81c5449772ee604d07ee3b.jpg,640,750,neutral,48,181,466,697
133_4_jpg.rf.01461a5ae39a0f89bb238e97e341b076.jpg,640,750,neutral,125,199,523,633
11_3_jpg.rf.ae335480e59bb4c62116e949908a7011.jpg,640,750,neutral,16,146,483,722
94_26_jpg.rf.8a454f724b0c06d0af469567c77d4b25.jpg,640,750,sad,24,191,458,653
34_28_jpg.rf.6188949cedc568217b3db00c4efb83b5.jpg,640,750,happy,161,224,480,632
103_27_jpg.rf.86626c6c31cf4c7e6bae4a7ca215c690.jpg,640,750,sad,130,214,514,652
119_18_jpg.rf.64a8238c6fa00b2c2f5f13cf6ab9a475.jpg,640,750,sad,187,195,594,660
114_21_jpg.rf.9577d671aa48e3951616d9fb120018af.jpg,640,750,sad,38,183,580,742
96_31_jpg.rf.0eb7efa1495e68374f8583a2f0d87e8e.jpg,640,750,neutral,178,202,538,613
133_7_jpg.rf.d4bf641590934c6862ac59c62c2e2c4e.jpg,640,750,neutral,14,96,545,631
11_32_jpg.rf.4aacd9270fe6f3d94711181e07d9003d.jpg,640,750,sad,141,163,602,700
135_1_jpg.rf.8dba98cc27f9865185262e685669cc5f.jpg,640,750,sad,163,194,568,670
50_18_jpg.rf.b742ff2087e322ac7e4f9135d348e754.jpg,640,750,sad,187,215,559,617
36_19_jpg.rf.33a972573cdfe65e6dc3ca986c8dce1f.jpg,640,750,sad,175,207,566,659
46_25_jpg.rf.7be38dd083f384f6d14fe3bea2bb35a1.jpg,640,750,sad,27,159,521,718
40_20_jpg.rf.00b1c78c0944ecc01769fa6d0d3f057e.jpg,640,750,neutral,210,224,541,612
119_18_jpg.rf.53a0fd40964bca664a3235f6c26b5e94.jpg,640,750,sad,58,183,505,679
101_7_jpg.rf.e1ef77880ddebf0b82767be07529b3df.jpg,640,750,sad,91,180,518,658
132_13_jpg.rf.ee604e9e0d24a8ebb832147999f10c4f.jpg,640,750,happy,116,178,521,670
121_11_jpg.rf.0a71f897f1bdd8ee20655bef0772b50f.jpg,640,750,sad,160,115,640,660
89_22_jpg.rf.1c9dbc14a33dde35e4e3b17723bfc9b7.jpg,640,750,sad,144,178,565,656
46_25_jpg.rf.a8e0ddff7e4b32afc8e09065bbd35bae.jpg,640,750,sad,56,158,491,664
45_21_jpg.rf.9a26b5dc8760c718d55bc14e416f0985.jpg,640,750,sad,127,221,517,654
77_4_jpg.rf.a86701025f6e3bca12ec0e610f0c77cd.jpg,640,750,neutral,150,103,639,675
7_9_jpg.rf.7e7ba83b89279d3f7749ccf3db823628.jpg,640,750,happy,55,166,505,670
88_19_jpg.rf.85901576db79f3a86802d1a0b680e9fe.jpg,640,750,sad,152,203,538,625
119_26_jpg.rf.081b70de9ccffea9218af03506e408d2.jpg,640,750,happy,100,191,460,649
83_17_jpg.rf.e1252483c8b8b24f93bf5bfe72b85717.jpg,640,750,happy,113,169,545,681
34_11_jpg.rf.b96cc2318cfc9c4d31ced31433ea459f.jpg,640,750,neutral,31,82,640,740
93_16_jpg.rf.7da4ee1bd52dc55d18d2a770c9fea149.jpg,640,750,sad,79,228,527,724
109_25_jpg.rf.320936b50df5b689ac2cdc99e21fc3bd.jpg,640,750,sad,137,218,505,654
75_1_jpg.rf.838ae4261f397298f7615fb83edecfd4.jpg,640,750,sad,166,205,588,682
113_25_jpg.rf.bb650aa6ad79f32832862c1f26c3cf45.jpg,640,750,sad,93,195,461,642
116_10_jpg.rf.206c147d3afe27774686e262375e500d.jpg,640,750,sad,63,206,462,662
52_2_jpg.rf.4d54fe88c1b4d05249496b75e3de37b5.jpg,640,750,neutral,184,194,601,698
77_4_jpg.rf.572eb97e92747856169e71eeada82583.jpg,640,750,neutral,33,129,503,672
93_25_jpg.rf.d6702724da0453544e4211a62fcfff3a.jpg,640,750,neutral,79,225,496,706
16_6_jpg.rf.e7390357c7a2aae239d46effe5552e92.jpg,640,750,sad,16,143,462,663
33_12_jpg.rf.4c579da2597e3268c09550c4c0b3e2d0.jpg,640,750,neutral,53,163,556,714
116_10_jpg.rf.b2de3043394946f4968d4236f244902e.jpg,640,750,sad,9,156,455,655
46_9_jpg.rf.5e2089fd69110361421935318d804f9d.jpg,640,750,happy,176,173,559,639
19_11_jpg.rf.36841dfa5e82560cb575e8f5c8860d7d.jpg,640,750,neutral,38,149,593,694
91_7_jpg.rf.f4380a1456e37aa7e623154035b0470a.jpg,640,750,sad,138,226,502,649
111_34_jpg.rf.70008374337946b56e1a97df4409f075.jpg,640,750,happy,89,203,499,692
93_25_jpg.rf.483ea2c55220a4788e28fdbc7011688a.jpg,640,750,neutral,126,184,500,629
86_23_jpg.rf.2280bbf9ee9c4714c785204fa6d6deaf.jpg,640,750,sad,93,279,446,634
71_13_jpg.rf.dd9e35193bf9132e13adb2bcf25a3d56.jpg,640,750,neutral,63,212,495,698
57_25_jpg.rf.60444dcad31dfa4c5c697e13fa628dd7.jpg,640,750,happy,60,121,491,663
105_19_jpg.rf.84b6d1d35cfa752ffdd66597b628cc2d.jpg,640,750,sad,82,163,505,646
21_2_jpg.rf.3b6737a3db4e00b412747bad2085ed93.jpg,640,750,happy,180,187,540,656
112_4_jpg.rf.21aee2798662b1a564eb10383ffc5888.jpg,640,750,sad,33,160,472,677
18_17_jpg.rf.7f2b76632eb03c2f9983a3a6864de217.jpg,640,750,neutral,71,19,625,653
0_15_jpg.rf.411eb05ca8b0aa6d1b5645bec1e14b0c.jpg,640,750,neutral,101,143,558,645
113_0_jpg.rf.2310b01deefdf127bc8594576ce1784d.jpg,640,750,happy,100,196,454,654
24_26_jpg.rf.51be507750fb928c21f8c3b746582a71.jpg,640,750,sad,201,221,633,673
54_21_jpg.rf.d2a7cecf13d2d3a6ad0896c30afb8a3d.jpg,640,750,neutral,22,118,531,655
84_2_jpg.rf.c5346bc6e672f117bba3725998cc98eb.jpg,640,750,neutral,138,171,501,628
106_3_jpg.rf.f0b4cc80c7c81d671e3d02159fcc2b57.jpg,640,750,sad,97,99,578,661
119_7_jpg.rf.d11830f848fc68437a831c68a8cbae4a.jpg,640,750,sad,112,179,580,691
134_32_jpg.rf.6155fc948d0afbccc82be2e9471d3e92.jpg,640,750,sad,111,217,537,664
105_12_jpg.rf.dac397695c91ae4b71a501f82d1c765e.jpg,640,750,sad,126,198,550,660
81_3_jpg.rf.5a522136fa5efc9fe5f316e324660d3f.jpg,640,750,happy,35,164,508,715
109_25_jpg.rf.703b7ae723cb26b6c32493cc626c0328.jpg,640,750,sad,96,174,584,714
104_24_jpg.rf.8d9414d09fe621a6c35226d386fbde7b.jpg,640,750,neutral,167,215,594,689
48_17_jpg.rf.3eaef73a1d6a7688454541603b368a4e.jpg,640,750,happy,140,205,509,639
129_7_jpg.rf.88d108f609abfe865cada832eb1209d6.jpg,640,750,neutral,178,218,576,647
98_28_jpg.rf.2e1dab41d7dda871c85490bb13d70c89.jpg,640,750,sad,164,177,587,674
69_8_jpg.rf.c0c5f7c652254fe592e7f5cf56a54d76.jpg,640,750,neutral,93,207,467,666
41_0_jpg.rf.2bc29e4333d67b309a416bacab437d07.jpg,640,750,sad,73,186,524,669
109_25_jpg.rf.63e6b5e9b14516bf18cc5e9567165de5.jpg,640,750,sad,79,180,514,682
80_15_jpg.rf.5b0870fe8c5f5701349e6150b5c93d4c.jpg,640,750,neutral,66,61,640,699
98_28_jpg.rf.bcff13a8b2bf00f5954e2cf69d1fd268.jpg,640,750,sad,125,180,614,738
123_11_jpg.rf.a96c92c6761b9f4bf5d9e1f1429caf96.jpg,640,750,happy,106,194,481,663
91_28_jpg.rf.e2e02781b4d6075311e2702737bfa00d.jpg,640,750,happy,96,210,453,656
68_33_jpg.rf.ee90414837a9f54773964e5e43895c86.jpg,640,750,happy,116,226,560,741
103_27_jpg.rf.8b559918e1f8cbb0336c0e5b72db5337.jpg,640,750,sad,97,166,534,660
9_7_jpg.rf.9dc8cdf640b9e3a7785bb622e46f7c60.jpg,640,750,neutral,137,180,533,654
100_21_jpg.rf.5528035117955ec4d1b0787e444913e9.jpg,640,750,happy,93,139,562,703
80_7_jpg.rf.3f2d73e21dec4e0aa1dab532ab11e5f6.jpg,640,750,neutral,0,64,558,716
71_1_jpg.rf.940677dd1880bcf5da1e4506e300263f.jpg,640,750,sad,95,242,444,633
119_7_jpg.rf.64093a94a1674e503b80cb6dfd14d560.jpg,640,750,sad,149,219,502,628
87_26_jpg.rf.b8561c697c3acdc2fe8d6545c0d81c33.jpg,640,750,neutral,14,112,591,722
68_33_jpg.rf.d81ba6b57dfe73c83d2f28095a6092ac.jpg,640,750,happy,183,248,535,688
109_0_jpg.rf.e41dca0aae21e4d4ae59699f832a39f0.jpg,640,750,sad,32,172,481,699
63_31_jpg.rf.75368c2d03eb8cf30833747f53f55e2a.jpg,640,750,happy,183,109,640,666
119_3_jpg.rf.7425127c395c3013b63195990e3653d4.jpg,640,750,neutral,174,213,550,642
80_15_jpg.rf.30b19ade1865f642d7821871da7e91d6.jpg,640,750,neutral,29,95,524,645
60_33_jpg.rf.0533e68c579a42a88ffdcce33f130c8a.jpg,640,750,happy,137,191,494,664
107_27_jpg.rf.702166affbb0828714f17740f402ba7e.jpg,640,750,happy,148,191,566,652
24_26_jpg.rf.7c3e3f6c5b1bb53ee7bc81f5683c392c.jpg,640,750,sad,186,217,562,614
108_16_jpg.rf.ee9a62749b34ed8cdf5af77f7f92712a.jpg,640,750,sad,97,179,466,657
119_26_jpg.rf.0fc285ba904469cf955ba57247fe9b0b.jpg,640,750,happy,133,170,570,685
32_3_jpg.rf.38368734fd21e2d683fc58c39714f276.jpg,640,750,sad,87,186,539,734
21_1_jpg.rf.30d1ec39610282d171f1228e14714112.jpg,640,750,sad,102,155,605,725
69_8_jpg.rf.4b749f680df5ddadb0794e9f446374f5.jpg,640,750,neutral,139,154,623,706
129_29_jpg.rf.9eeb1cc370f4032f7928eaa1e41f4b27.jpg,640,750,neutral,115,214,545,689
23_13_jpg.rf.4fd4ea3b2cc48ca0d249d35a36e3e6f5.jpg,640,750,happy,187,198,552,642
49_33_jpg.rf.b6e069c0d8dd8a205801483133ce1aa3.jpg,640,750,happy,144,200,516,641
132_8_jpg.rf.eb9534673cdf6ffe6f832326cbd36c11.jpg,640,750,neutral,61,172,468,657
136_30_jpg.rf.17c4cc67e3b83a9fa425c12e48f975cd.jpg,640,750,happy,153,137,601,689
124_17_jpg.rf.3db60434c689a09f22bf0b1717505ba9.jpg,640,750,sad,172,210,546,627
30_33_jpg.rf.e9441e93945567bf37476692ba706183.jpg,640,750,happy,119,111,617,686
107_27_jpg.rf.005607f0d1c00e160ea4f670c558cc5d.jpg,640,750,happy,62,184,507,668
60_12_jpg.rf.085fc68aa66aa42fa3ce94e11c2f7f7b.jpg,640,750,sad,148,192,550,658
122_31_jpg.rf.7577c3482da47b60dfaadf6830069e90.jpg,640,750,neutral,58,177,444,703
80_30_jpg.rf.33cce7ccdd6f3ab62f10a7418300247e.jpg,640,750,happy,104,186,461,660
0_19_jpg.rf.7554cb2ff8b5e5e759a888fd643bafe9.jpg,640,750,happy,102,199,465,633
44_34_jpg.rf.97d8f1918c054a90efa052f54b7794ab.jpg,640,750,sad,107,163,568,669
40_20_jpg.rf.f71cf8eab9b6872030a1cfa89a0070bc.jpg,640,750,neutral,58,186,452,629
68_33_jpg.rf.24a34b49d309626f66fb706544ed4e2d.jpg,640,750,happy,94,253,479,728
29_17_jpg.rf.7b344661d047139e6a23f45bc6be8f15.jpg,640,750,neutral,0,45,640,730
42_0_jpg.rf.bc9219ee18c0b251a1053f3de5a8dd03.jpg,640,750,happy,147,218,506,648
90_15_jpg.rf.b0435f2de8731c325e284522b113ca51.jpg,640,750,happy,54,51,624,689
50_26_jpg.rf.6572d9eb12c68f5bb3a5f98acf334dde.jpg,640,750,neutral,6,62,557,636
46_25_jpg.rf.bc5182b25304cdb5a8fadbc1a2478425.jpg,640,750,sad,175,192,540,641
138_3_jpg.rf.b6520e557940f828e835b7950bdc44d9.jpg,640,750,sad,102,192,476,640
7_17_jpg.rf.80c367f9c574198c09e52d7ecb5f77cb.jpg,640,750,sad,129,214,569,686
23_1_jpg.rf.2c5e328a1bb30ff8cde5f92fc6e13c77.jpg,640,750,sad,113,233,442,627
16_13_jpg.rf.469ad436299a0d84935c4924e7d13d48.jpg,640,750,neutral,119,181,525,679
16_6_jpg.rf.120d03777519bf4e24212db734c0abb0.jpg,640,750,sad,207,217,544,640
105_12_jpg.rf.57d493e1df1f7134adf4625d4816a3b0.jpg,640,750,sad,140,216,510,626
36_19_jpg.rf.deccec191d751bfb2d70ec5bc6a15b9a.jpg,640,750,sad,103,210,441,609
134_0_jpg.rf.c18845bca2bef434cbac50603e5b840a.jpg,640,750,sad,174,180,619,675
116_10_jpg.rf.af83cc213a78b29708efaa9726a8ab64.jpg,640,750,sad,204,230,533,622
51_9_jpg.rf.97ce9e25d6aa90a57a4f466ac0a67ec8.jpg,640,750,neutral,81,176,554,668
40_11_jpg.rf.f336a38f381ffd8f9d4b2d58df664d3b.jpg,640,750,happy,88,179,549,699
41_9_jpg.rf.010b07c3b21b9e7ade8b495e6f1610c1.jpg,640,750,happy,97,178,587,728
126_6_jpg.rf.41e499ffbb76ffd60ea7829a6e2ba795.jpg,640,750,happy,126,181,520,662
126_19_jpg.rf.e29ba7dddc1033c2870d0617c659821f.jpg,640,750,happy,162,192,552,665
0_15_jpg.rf.04e0f85f8346768ff974f723d9cf0525.jpg,640,750,neutral,13,45,628,697
69_8_jpg.rf.ef5050dd4be76ef98c20252b1ae95715.jpg,640,750,neutral,35,146,491,681
63_6_jpg.rf.451e89318a99908d081b73d129a2cd0b.jpg,640,750,sad,166,202,502,639
134_0_jpg.rf.b4a46dcdf352fb601257c7bf59fe97d3.jpg,640,750,sad,70,199,466,647
94_26_jpg.rf.d1799839e160768c6c5ac1ac203da33d.jpg,640,750,sad,97,266,417,623
11_32_jpg.rf.8605f0e7a1e77809819af074cda9a9a0.jpg,640,750,sad,196,215,536,646
119_18_jpg.rf.a6d4f4351f241ca9cfccd5e5acf20d06.jpg,640,750,sad,211,226,550,629
92_7_jpg.rf.68098f4fdb6d3ed77602f62c63bc3f5c.jpg,640,750,neutral,49,163,527,700
85_2_jpg.rf.76a21773ac8acc75b85728b4ddc65a84.jpg,640,750,neutral,118,193,528,647
109_6_jpg.rf.0e96318d6a5ab8a2b9e182ab5051f384.jpg,640,750,happy,129,216,488,656
139_24_jpg.rf.863e9c70dd8140c24f8c2358e28b9fbb.jpg,640,750,sad,201,215,567,665
43_28_jpg.rf.333af20ea528d9ce8d948a1022d51487.jpg,640,750,happy,73,158,614,720
12_14_jpg.rf.b3d340d25584492e171101b0364babee.jpg,640,750,happy,119,163,524,652
92_10_jpg.rf.354a7a35402a0b4083386217789e1b32.jpg,640,750,neutral,89,155,583,708
122_31_jpg.rf.7eff170dbe55b007d29bc7c6e9c1a9a2.jpg,640,750,neutral,97,194,429,668
109_6_jpg.rf.0cd86eb4e2c104d11a3ac798949713c0.jpg,640,750,happy,91,201,508,692
139_24_jpg.rf.7363d1357f11d6b5368b3b644751d790.jpg,640,750,sad,211,216,558,650
43_28_jpg.rf.e41b00a97ca7aa74670cfcfaff8d7d2a.jpg,640,750,happy,119,205,536,649
58_20_jpg.rf.a9fd16b6d219ba160d9de1530ab348a9.jpg,640,750,neutral,82,204,516,648
85_2_jpg.rf.38339b386c75386843e8e81202dca07e.jpg,640,750,neutral,139,208,514,630
94_19_jpg.rf.7e0620c5dba12ea14d187871de7a542d.jpg,640,750,neutral,193,192,631,654
88_19_jpg.rf.47cce96eb396a97a2c6ebce6c71f2a49.jpg,640,750,sad,59,193,543,711
26_16_jpg.rf.63569506e11ef6fc8caa014a83b7328b.jpg,640,750,neutral,89,122,575,649
94_19_jpg.rf.d262186f5ffb4597b1f614cd81a734e8.jpg,640,750,neutral,94,269,420,624
60_6_jpg.rf.582ac534b279e9df184045ee649d6150.jpg,640,750,neutral,171,176,560,639
44_34_jpg.rf.d7205062bc1b1c0d02e95350be77f689.jpg,640,750,sad,149,208,510,628
133_15_jpg.rf.509618034750a22039bfa2e8d31c4f46.jpg,640,750,neutral,32,12,640,698
113_4_jpg.rf.024eb1e8e6c6dcffab2493448eb1beed.jpg,640,750,sad,134,183,536,660
92_10_jpg.rf.0936d53ad088cc9e7cfc1656923aa8db.jpg,640,750,neutral,85,157,514,655
114_8_jpg.rf.7311698c290b4669fcb7cfe925fb750b.jpg,640,750,happy,29,182,501,705
18_25_jpg.rf.2c5a6515b30abd8455ccad476b63631a.jpg,640,750,neutral,10,0,640,737
7_17_jpg.rf.f87f34195981a62f62dea0758d244b3a.jpg,640,750,sad,96,220,473,630
14_24_jpg.rf.fa55a6a2cf3cbbad8f6fad06b9d83a8e.jpg,640,750,happy,206,209,558,640
44_28_jpg.rf.9d55cc224198a2abcf4bb9c2502f307e.jpg,640,750,happy,169,179,585,661
56_32_jpg.rf.f3d5d0e34da22d3879db4ff379c854ad.jpg,640,750,happy,186,206,557,658
26_16_jpg.rf.da502537f24dc84654ea4f6251d9d494.jpg,640,750,neutral,36,92,617,710
134_32_jpg.rf.3868282278c9c890fd76d3d9451c4be5.jpg,640,750,sad,93,191,546,663
58_20_jpg.rf.1ce20d5af766c24014c8226a8faf36d1.jpg,640,750,neutral,94,211,504,632
121_11_jpg.rf.c6df520a1a0fb6a25f4e2b3197b7dc5c.jpg,640,750,sad,177,190,551,636
34_11_jpg.rf.5da0965309dd09ec8b81187779179dd9.jpg,640,750,neutral,96,135,608,639
24_25_jpg.rf.336976ab8e9cdb03058a861dd0538a96.jpg,640,750,sad,189,239,533,601
109_10_jpg.rf.71ed81743bc9eef81e65a67e00a55898.jpg,640,750,happy,94,212,456,663
90_15_jpg.rf.561df6766e6a0c45441e189684716c83.jpg,640,750,happy,0,0,640,736
79_28_jpg.rf.61e86a6dca64ad621fd7ecbfbd79226f.jpg,640,750,sad,103,184,451,645
93_16_jpg.rf.f53ce5dc1fa4034a75384d5cfa90d5a3.jpg,640,750,sad,159,243,493,632
19_10_jpg.rf.6130371e876b189fdfa8e60d23ca719e.jpg,640,750,sad,160,174,595,664
57_25_jpg.rf.62b086855b304e4bbf8ee074bf3d739c.jpg,640,750,happy,92,190,438,650
99_19_jpg.rf.c0f128b44c5fd19047f8092dbc94e9e6.jpg,640,750,happy,74,17,576,674
109_29_jpg.rf.ced0e6a1c284e9766a3c0a9e0372e09d.jpg,640,750,neutral,178,174,601,680
113_4_jpg.rf.8306323725a0ae83193f02e629c33c20.jpg,640,750,sad,89,143,533,655
60_6_jpg.rf.0a70225a5d6016cd05c1ef571893b270.jpg,640,750,neutral,79,185,486,666
109_29_jpg.rf.fd54a312b8b2f6c5d834d9577a75e639.jpg,640,750,neutral,195,187,576,647
92_7_jpg.rf.c6ecdb03dc6813e4fa4b941367beefcd.jpg,640,750,neutral,59,172,492,670
19_11_jpg.rf.730fecf08d038ada1a0f6893ee41ded1.jpg,640,750,neutral,44,140,604,690
50_18_jpg.rf.0fd80f06a6fd977883acdbafb85db5cd.jpg,640,750,sad,185,241,534,617
55_7_jpg.rf.f2a92d4c72ac304f1912cc050f3d4354.jpg,640,750,happy,51,136,508,666
6_20_jpg.rf.7945a3bc8425147c50fcd97c715c0a6f.jpg,640,750,neutral,129,186,591,707
19_10_jpg.rf.db57c439c0541af9455caff9c16f2e41.jpg,640,750,sad,190,208,556,643
81_30_jpg.rf.787cdf56f615ebf1292b91391f23beab.jpg,640,750,neutral,91,185,446,624
11_3_jpg.rf.51cfef458e173258854b02301b64fd11.jpg,640,750,neutral,102,194,432,650
114_8_jpg.rf.9b3ae63db10a279017137abccc81f03c.jpg,640,750,happy,186,226,570,672
123_28_jpg.rf.be10674c2861e847e7597b3f6abdb374.jpg,640,750,happy,119,110,640,693
51_13_jpg.rf.2251bfb51a669c27452c613f93c394e3.jpg,640,750,happy,72,216,475,679
35_7_jpg.rf.1decafd1e47fc103c82ee0700017c280.jpg,640,750,sad,141,216,576,739
76_2_jpg.rf.bad90274c096a9bb8efe325e2bf86b3c.jpg,640,750,happy,29,171,465,661
27_0_jpg.rf.d85a51dd163b5e21b6a02705a1def7b1.jpg,640,750,neutral,118,190,542,679
27_26_jpg.rf.f8b31fa6f7b89b53063be808e7dd340e.jpg,640,750,sad,122,178,582,683
20_17_jpg.rf.73513f3fc9fe85110f104e22ca5acfb2.jpg,640,750,neutral,116,190,528,678
73_12_jpg.rf.e2b9cecb0a4e94d93350bacc7a4ad632.jpg,640,750,happy,151,215,516,649
2_2_jpg.rf.1143f05bd0d2d97ed478be03e317872d.jpg,640,750,sad,177,219,538,617
76_2_jpg.rf.440a19194fa48d51dae5e63b61c43364.jpg,640,750,happy,203,202,558,616
38_33_jpg.rf.d3c7018c2ba035e15ee9b8f387c20fc4.jpg,640,750,neutral,27,94,590,714
135_34_jpg.rf.4d2021e3e46195ec5f8a1d811cabaa94.jpg,640,750,happy,171,176,558,646
95_24_jpg.rf.1ea4e2f67270e33f02bf7b7fc1759ea0.jpg,640,750,neutral,132,205,507,632
117_1_jpg.rf.5b0c35bd397425aa0de05b9c80b69b90.jpg,640,750,sad,96,202,470,651
67_15_jpg.rf.f72cb337e4302b1c39f4e2228e5422c1.jpg,640,750,neutral,192,205,529,625
51_12_jpg.rf.e4a2439ea980d7a673fa51293b2222fd.jpg,640,750,neutral,55,179,510,678
66_8_jpg.rf.f4520b57dd291dba1a496e6ce92ecee5.jpg,640,750,happy,199,202,560,624
66_3_jpg.rf.b66ba36362abbc1ee3df2a49ca1ff95b.jpg,640,750,sad,68,177,547,679
31_29_jpg.rf.d88bac6e42dd8d5dfbdb2fc67423982a.jpg,640,750,sad,95,219,433,652
87_0_jpg.rf.ea094e4d396e12a1d5ae569328926bcc.jpg,640,750,sad,102,230,434,636
80_25_jpg.rf.e9a500ab73325971a62aed5fccee846b.jpg,640,750,sad,154,184,520,649
52_10_jpg.rf.9e22c0fbcf56e81dedbf59b19e82a02a.jpg,640,750,sad,137,218,562,646
85_27_jpg.rf.067741131eaa45487e6a3d87bdb7218b.jpg,640,750,sad,144,217,517,643
65_17_jpg.rf.2875b5a139ea6a0fed9b767d38206d87.jpg,640,750,neutral,158,211,563,657
68_29_jpg.rf.816455124e0461f458f96b62f64faaa4.jpg,640,750,sad,139,233,500,632
95_30_jpg.rf.42520358a03418193385978f32453bef.jpg,640,750,neutral,5,153,494,680
65_21_jpg.rf.b24639c9daab0ec34cbbca98b4ef25c1.jpg,640,750,neutral,95,219,434,631
14_4_jpg.rf.b19708e2e8a4b5a15e72bbea7b39b952.jpg,640,750,sad,188,231,602,715
128_34_jpg.rf.9225ca99edeffea49130327eb14f4d38.jpg,640,750,sad,103,225,457,626
21_7_jpg.rf.262d684a5454526ae6940ae5cfcf8ff0.jpg,640,750,neutral,89,78,626,670
73_12_jpg.rf.18074221f1cbb6f0392276a791a5f5b3.jpg,640,750,happy,132,175,573,677
132_25_jpg.rf.3a9067a21ea872d42ebb43feb3e3911e.jpg,640,750,neutral,94,201,439,635
20_23_jpg.rf.98911ae9e543d67c14d876fd8908324c.jpg,640,750,sad,116,190,499,651
81_31_jpg.rf.dd7d28b39c80ae0badcfb68872d9201e.jpg,640,750,sad,61,139,495,679
33_18_jpg.rf.d249785db5542f6aee97638013f2604e.jpg,640,750,sad,151,212,533,632
105_14_jpg.rf.9b50ba17c222ff413973a48733aae356.jpg,640,750,neutral,142,199,507,643
91_25_jpg.rf.1f72757680cc1f3721a4b1bc29f8c429.jpg,640,750,neutral,107,199,515,671
84_8_jpg.rf.d1cf4deb64b29f66d0a03860c55225ef.jpg,640,750,sad,99,138,579,630
66_8_jpg.rf.32c55b032904263af7c8cfb9a6d6d7c2.jpg,640,750,happy,113,187,603,724
23_28_jpg.rf.89dd96e794995110c227c3d0745389a9.jpg,640,750,sad,205,238,531,620
3_28_jpg.rf.b749ce2bd6a25ee98683e02d5f0b8f42.jpg,640,750,happy,180,178,557,650
130_28_jpg.rf.b9b68b93c7598d53293e34a9599ec0b0.jpg,640,750,happy,130,169,498,660
53_17_jpg.rf.a007ff3d7b4b4d452d6b930b13efdbb5.jpg,640,750,neutral,175,207,539,615
111_34_jpg.rf.fc4f38d7119c4ba65a7f3e9850b4eaac.jpg,640,750,happy,149,228,479,654
51_13_jpg.rf.07aa64bdcfae461596891f3bdd795422.jpg,640,750,happy,83,225,451,655
30_33_jpg.rf.744c550e0e5ae0c05ddf056cef015424.jpg,640,750,happy,87,180,481,660
7_18_jpg.rf.8479b541c0de15eac3af46b2b318f03c.jpg,640,750,sad,170,214,587,684
133_15_jpg.rf.825a34828fc0dfc2560493a1bd5c1d20.jpg,640,750,neutral,87,80,630,646
16_13_jpg.rf.e260adf7f28e9be7e6a0d635a7872a15.jpg,640,750,neutral,149,204,507,657
92_7_jpg.rf.e93339ae6adda228b36b0017984fa500.jpg,640,750,neutral,173,201,540,644
128_14_jpg.rf.de939662eef34b57c067734c380b438c.jpg,640,750,sad,115,195,613,715
9_7_jpg.rf.dfaf89e97d63200da65490f486d40704.jpg,640,750,neutral,161,215,492,629
2_2_jpg.rf.f5389a7bb65c241668f86073391d9fba.jpg,640,750,sad,40,171,488,649
54_8_jpg.rf.e5145442e6bc23ce6dc254a3e3a25257.jpg,640,750,sad,113,165,561,690
21_7_jpg.rf.ef0e27ead62af92da7eda6085b6adf09.jpg,640,750,neutral,43,34,640,704
7_9_jpg.rf.2e3e6b6f2548834980081a81a186b409.jpg,640,750,happy,91,195,478,644
134_17_jpg.rf.76956de92ea6699031648b2837903b4b.jpg,640,750,neutral,86,46,626,644
68_6_jpg.rf.625050de8fa0743312404b37a05474fe.jpg,640,750,sad,180,229,527,636
100_21_jpg.rf.bd1f6f8bf7c98ee1c93582e8a4ce9bf4.jpg,640,750,happy,138,188,548,684
78_21_jpg.rf.2ed52e4a40ee6fe924b12b80053073c5.jpg,640,750,sad,89,158,544,665
108_33_jpg.rf.f636d3870c73e1ceba692ac887f4f919.jpg,640,750,happy,104,204,483,653
116_5_jpg.rf.579a6541506b03fe7489d651c5c9d1cb.jpg,640,750,sad,138,217,495,625
123_28_jpg.rf.f490c2fc2a167044fc0b99281c1872e7.jpg,640,750,happy,157,189,544,646
132_8_jpg.rf.c1a17375cb96b2cfb8f670e4b4f5ed5b.jpg,640,750,neutral,184,192,540,628
76_2_jpg.rf.788017537eefa0a259ba8c810b429572.jpg,640,750,happy,172,152,613,645
131_0_jpg.rf.c6cf3d3a3d3599c36da3b9c148f9a8d4.jpg,640,750,sad,99,232,416,602
90_13_jpg.rf.f842bc7dd3e5786b4c66921ea27c5f2a.jpg,640,750,sad,245,210,552,633
91_25_jpg.rf.53de8cbc72aedce78a4fa5eb2e12247f.jpg,640,750,neutral,141,215,505,640
137_2_jpg.rf.d045342a7f067e45924d86f7b2ae9dba.jpg,640,750,neutral,93,205,467,647
35_7_jpg.rf.37a7001eb9afaefe7076680dae29454c.jpg,640,750,sad,92,225,431,653
45_28_jpg.rf.88e1c6efad1dbcb8c420d0b42541742c.jpg,640,750,sad,176,218,575,645
95_22_jpg.rf.45aaad131771a288c5313bbd206411a4.jpg,640,750,happy,29,73,613,663
86_6_jpg.rf.9ad6c673f03b5889e82b50969b6031e5.jpg,640,750,neutral,191,295,545,645
107_24_jpg.rf.6ef4f9d0ab862ecbaf3de5416da57f8c.jpg,640,750,neutral,97,194,460,627
25_17_jpg.rf.68925a218da92c0ea8a54294ecf7487c.jpg,640,750,neutral,46,112,612,658
95_30_jpg.rf.fe45e1acc4aaf302c982f8cd480bbbdc.jpg,640,750,neutral,128,161,605,677
124_5_jpg.rf.ca44d62eeece2e743d61bd8ee64575ee.jpg,640,750,neutral,141,158,559,639
70_22_jpg.rf.213930990cf88059248ffa903b8a4352.jpg,640,750,happy,120,176,513,639
37_25_jpg.rf.3ee96c74abac9f3a833519cc5371e7a5.jpg,640,750,sad,121,179,491,646
66_18_jpg.rf.a4db05a9e92c980b1d5e7f2fa39104f4.jpg,640,750,sad,106,213,456,612
128_14_jpg.rf.8c598f2096be37fa1959f9e47e3a5d2a.jpg,640,750,sad,133,227,520,639
75_0_jpg.rf.2ac91a0038c9e539ac3121ce399f8074.jpg,640,750,sad,146,239,517,652
54_8_jpg.rf.3d2093623abd6837e9effd721484a81e.jpg,640,750,sad,109,190,481,657
67_15_jpg.rf.2f3757b77949150e044ac3be3cc1929c.jpg,640,750,neutral,62,152,491,657
60_21_jpg.rf.1f065844eb2083cc93b57392d18b5c0d.jpg,640,750,sad,97,208,438,645
22_23_jpg.rf.68269c6df28c3cebf82f7c986caa35fd.jpg,640,750,happy,92,211,406,656
108_27_jpg.rf.8cd09b75d7cedfe910c96cfbb1b3d24c.jpg,640,750,happy,186,190,538,645
3_11_jpg.rf.75197671ab385aee6674c6176f339d1b.jpg,640,750,happy,100,173,482,668
54_3_jpg.rf.fc282cede86383240547c87bde9ca09d.jpg,640,750,sad,150,200,522,653
27_17_jpg.rf.dddf7c6e740aed7a4c81b69ccde815f2.jpg,640,750,neutral,99,212,428,624
3_0_jpg.rf.4c416b4554be1cf3c09696fad7ca4591.jpg,640,750,happy,118,179,555,660
43_11_jpg.rf.5cc0b77b572717eac4880c0149349d06.jpg,640,750,sad,153,165,541,659
48_12_jpg.rf.a850ddaf3334636851f08cf1764b5cf5.jpg,640,750,happy,107,217,461,649
41_19_jpg.rf.dd87b2c554907442bbad3f37a61c2122.jpg,640,750,neutral,82,170,570,692
47_25_jpg.rf.04078d1405de7e390af8593c39f89826.jpg,640,750,sad,184,196,565,624
15_1_jpg.rf.f15f523a10674fb5ac57715670271dac.jpg,640,750,neutral,214,194,547,649
112_11_jpg.rf.75bc063c3b84659f46b0c5cd80803c2e.jpg,640,750,neutral,132,198,511,645
29_19_jpg.rf.aeef762388086559b593d9c6474ab091.jpg,640,750,sad,172,208,506,637
26_4_jpg.rf.5dbbaffb63bde5fbaf246b3a6008b371.jpg,640,750,happy,201,205,551,648
41_33_jpg.rf.36d011627ee2fa151b82f98a4d224aaa.jpg,640,750,happy,138,188,578,640
31_24_jpg.rf.9729958fc5bfaae667e5dc8cae22ce00.jpg,640,750,happy,0,178,474,737
46_12_jpg.rf.9c5c32aff1f2c7969b44cdce9a260704.jpg,640,750,neutral,95,70,601,646
18_7_jpg.rf.b8448a9d8b3a34fd2655ae5db1690144.jpg,640,750,neutral,132,169,531,642
108_22_jpg.rf.5882dd643870d270e0083af9ec90eddf.jpg,640,750,sad,137,202,509,653
101_16_jpg.rf.b67b69d44a5a8f7e132903314f06f863.jpg,640,750,neutral,135,204,517,636
92_4_jpg.rf.cfd7ffd75c6e109b6c78377550e4193d.jpg,640,750,sad,96,208,460,647
130_16_jpg.rf.d79419d07dcc44c6f30390dc227370f8.jpg,640,750,sad,108,195,441,636
45_10_jpg.rf.d80e1cb84f9a88d1a5e5164cab562140.jpg,640,750,neutral,60,88,632,641
108_7_jpg.rf.d1817c0f837929b34f349f2396699596.jpg,640,750,neutral,140,195,513,643
17_7_jpg.rf.ac98f83fd9b54bbbe4f65b2ae4eae30c.jpg,640,750,happy,173,222,542,648
32_3_jpg.rf.136bb8c11b530f3824d1848705ffc7bd.jpg,640,750,sad,129,194,498,663
12_8_jpg.rf.0858c9c53f59d713409036ca3daff7ec.jpg,640,750,sad,101,206,487,638
13_1_jpg.rf.e2f48857faab52f5b4ef700d7ce776ba.jpg,640,750,neutral,142,225,508,651
40_23_jpg.rf.a83a0857c4cf7c1c4cc87ba73d23da1d.jpg,640,750,happy,66,214,466,635
90_14_jpg.rf.6adc568f206a4efc6983f45b3c965826.jpg,640,750,neutral,235,203,544,641
24_26_jpg.rf.10dbc8e96c30d0b0c93c8722bcf43be5.jpg,640,750,sad,100,239,444,604
71_33_jpg.rf.fe7c037f43f64651857bb45e0d091a87.jpg,640,750,neutral,146,226,511,630
61_32_jpg.rf.37015ba5ee7a7183b3d8f9d68975c2d8.jpg,640,750,neutral,111,155,513,643
61_21_jpg.rf.22fc6605ae427a7f5f7b6d7434df81ad.jpg,640,750,happy,134,179,511,679
77_4_jpg.rf.e749cea9894f1b73b474713c54f83c94.jpg,640,750,neutral,97,176,466,634
61_11_jpg.rf.e430a5259d4f7de2c7bbda76ee2d80c4.jpg,640,750,neutral,182,183,541,631
7_10_jpg.rf.7a1cab4340d036d5c3f4f7320d0cde92.jpg,640,750,happy,170,206,562,644
135_1_jpg.rf.c21497d0a6c9d38d6267132d9e3f8607.jpg,640,750,sad,95,206,437,631
122_17_jpg.rf.6aafab234e4d56dc943aa6b4c72f3e23.jpg,640,750,sad,134,191,517,667
20_32_jpg.rf.3abc479fc3e14f2b7b5b065ec36294d7.jpg,640,750,happy,163,203,536,647
89_22_jpg.rf.32d7cd38e9291176f2833ab1bc696c9f.jpg,640,750,sad,99,212,452,631
84_17_jpg.rf.3b075185565c5f53a86b31df577331dc.jpg,640,750,neutral,45,81,565,633
26_26_jpg.rf.a485c9856c0537bf65b7124ca58d79de.jpg,640,750,neutral,27,131,540,663
84_31_jpg.rf.20c34108d36070cc05528bb59e8a8051.jpg,640,750,sad,100,170,462,634
101_7_jpg.rf.10bbe2a1c07acdb3e29ebc484e280277.jpg,640,750,sad,150,213,511,635
80_7_jpg.rf.46891b0751db56470b7b81f66a7947db.jpg,640,750,neutral,109,96,609,647
36_32_jpg.rf.eeefdad2db179f69fc8a0023a3fc1df6.jpg,640,750,neutral,23,96,552,640
45_15_jpg.rf.7d95765283b87b0d60256bdb6eea98ad.jpg,640,750,happy,101,239,460,638
65_17_jpg.rf.7bdebb4ac03de40f647513d754518196.jpg,640,750,neutral,186,229,546,635
71_13_jpg.rf.7f49d2d8d9bdebfb87f3918847f3d318.jpg,640,750,neutral,97,230,435,630
18_25_jpg.rf.8daa6e6e872ecfdb73b411f9b898eec0.jpg,640,750,neutral,20,21,553,643
55_14_jpg.rf.ca9e4b31b9cf752da100c261d4f1f3a4.jpg,640,750,sad,133,190,541,646
75_1_jpg.rf.a55e58ccf52c84cc81c20f4d1d3b56a8.jpg,640,750,sad,188,233,531,642
137_21_jpg.rf.4315c6f276d28de9ebbcdeaef2b863bf.jpg,640,750,happy,164,215,562,637
78_15_jpg.rf.30e386e8da4055cd6b9258979d31bdd3.jpg,640,750,neutral,99,70,626,659
86_21_jpg.rf.9f5a1b958ffc978e8aff11fa27d0dbdf.jpg,640,750,neutral,101,292,447,642
36_29_jpg.rf.f7bc96af097c6a23d77a9728ba6062cc.jpg,640,750,neutral,149,223,501,616
41_0_jpg.rf.e5cc8a6314c3e9081e9c8eb04dddadfc.jpg,640,750,sad,93,214,491,647
133_26_jpg.rf.8142785d8a99a276462b46c643adaa79.jpg,640,750,happy,158,178,565,639
83_9_jpg.rf.3a27e59165d8e7f3ca9c01781457a1ff.jpg,640,750,neutral,101,229,438,629
135_9_jpg.rf.8b520348c306dabcb1a66be07d12735b.jpg,640,750,sad,147,197,503,630
19_16_jpg.rf.1b6b090e273942371be46fb5343119a3.jpg,640,750,neutral,110,101,554,637
100_1_jpg.rf.0174b4b50b7593691bfe581382c131f0.jpg,640,750,neutral,194,193,551,662
41_19_jpg.rf.e768cf6174a233e142a1a131d33184dc.jpg,640,750,neutral,101,211,484,638
109_0_jpg.rf.6f2bdefde4eee9b39f5e931ce6bac108.jpg,640,750,sad,94,219,434,659
43_15_jpg.rf.41e7ca9cb25ed95e0cd0874e74e232bd.jpg,640,750,neutral,97,190,454,667
21_1_jpg.rf.46f17160dac0943e13375f484e7e5156.jpg,640,750,sad,141,197,514,651
0_30_jpg.rf.b571c3dccce75d36cf139716c608f1b7.jpg,640,750,happy,187,198,550,628
83_17_jpg.rf.7aaad9fb7fbbdcb1872173f438a85cba.jpg,640,750,happy,163,216,507,650
26_27_jpg.rf.0908194cc1fb3d77c70eb9bef0eb5751.jpg,640,750,sad,195,224,548,647
113_25_jpg.rf.d77b9194eb0d5f1ae9114c83f9cc4935.jpg,640,750,sad,105,205,451,630
19_10_jpg.rf.466c72fe63c3791319831389c774caed.jpg,640,750,sad,102,224,438,634
80_22_jpg.rf.8d68afc24cebe32255ea671a5c0c8b63.jpg,640,750,neutral,151,180,512,642
138_3_jpg.rf.2e20050a6fe055c7b12ece39473c6196.jpg,640,750,sad,102,225,440,632
114_8_jpg.rf.f4fa3af8685cb8905e5721aa0378ac2d.jpg,640,750,happy,184,221,549,647
129_29_jpg.rf.580dd8654c50a411fe498a6a27515cba.jpg,640,750,neutral,144,216,499,619
79_29_jpg.rf.1ee3180dac56a21073c778a22bdde2d2.jpg,640,750,sad,152,175,522,647
91_31_jpg.rf.68ddc7fba36a96d5e127cd083af799b9.jpg,640,750,neutral,93,62,636,654
21_7_jpg.rf.cab499fe02e42e51207c316782d2dcfd.jpg,640,750,neutral,0,6,601,732
129_7_jpg.rf.9fd6e1fa2992e49178d20f0e4bf1c652.jpg,640,750,neutral,82,247,434,629
136_30_jpg.rf.c7e3e66d68f55608eda0bb5cb1f0569c.jpg,640,750,happy,100,179,447,657
113_4_jpg.rf.2065d1234dccef94b120b072dc5e6237.jpg,640,750,sad,150,206,500,630
8_33_jpg.rf.ffe941882f84ae73cea539002ec7ec8f.jpg,640,750,neutral,196,210,542,640
74_28_jpg.rf.d5932d0931041d39a3c3bd81f4e0601f.jpg,640,750,neutral,110,158,547,636
33_12_jpg.rf.51a9e8bdf2177d86eb0dea2be60f4223.jpg,640,750,neutral,146,204,533,644
87_26_jpg.rf.ddacd0be04dd28fe3f733a2400229bdc.jpg,640,750,neutral,105,140,574,647
52_2_jpg.rf.43a7a82c0d6e9c36dc39d0bd38ef89b7.jpg,640,750,neutral,99,215,417,633
45_21_jpg.rf.2954a0c2893f465f7dbf4a6b49d003f4.jpg,640,750,sad,136,225,504,636
59_21_jpg.rf.53dee2c72419610535ebd05d4ab6b431.jpg,640,750,happy,136,177,507,652
134_32_jpg.rf.51639053f781eafca1e295e67f0db4f5.jpg,640,750,sad,138,231,523,636
63_31_jpg.rf.bd67b0c04c3fba1528679d983b060ce4.jpg,640,750,happy,76,205,430,651
46_23_jpg.rf.e9023b168dd7d2bdcddb7b6443bb2185.jpg,640,750,happy,124,190,516,637
55_0_jpg.rf.8574fb55f5e8d3b6c68460a427b56288.jpg,640,750,sad,96,196,429,646
93_25_jpg.rf.d9ddae244bf42aa23b7e6f7348d9501c.jpg,640,750,neutral,155,235,480,628
15_10_jpg.rf.2b5e33732253c4fa17bfe6676a372a79.jpg,640,750,happy,145,181,499,646
67_15_jpg.rf.1e36cdf6cd373e72fb4110ba62398418.jpg,640,750,neutral,162,168,573,645
40_11_jpg.rf.5dfeee9c8aa19af14ccb9029211fae9f.jpg,640,750,happy,138,213,503,646
54_8_jpg.rf.b8d85d3fbea87af1f1b186234ca98da9.jpg,640,750,sad,78,161,575,731
41_9_jpg.rf.a62fb48749f57fc0ffb3394c0e648f18.jpg,640,750,happy,98,215,481,668
92_10_jpg.rf.517a626e77d22c089ce2dcc766cf11d8.jpg,640,750,neutral,141,198,520,646
60_12_jpg.rf.74465fa4ea8502a332fdb2654651094e.jpg,640,750,sad,183,207,534,627
60_6_jpg.rf.bb1187c2e6419b32b65ccb625f9b0545.jpg,640,750,neutral,188,199,531,621
19_11_jpg.rf.ad0c0ac09d4bf8ec42c3fa7327ebe3a9.jpg,640,750,neutral,97,199,550,638
122_24_jpg.rf.5a7deaf546aa35e53eaa96becab47023.jpg,640,750,neutral,189,198,570,683
109_29_jpg.rf.1b3cef88057581dc0ea243b785109943.jpg,640,750,neutral,202,220,540,641
132_13_jpg.rf.429f8fed93bcffa0206dbe68871b78ea.jpg,640,750,happy,137,194,492,646
90_15_jpg.rf.f46ee1113af74c00e4219e7ebd1b2c6b.jpg,640,750,happy,72,88,585,672
29_13_jpg.rf.7277e5569f946c59e2273a2966fcf4dc.jpg,640,750,sad,101,226,414,638
6_3_jpg.rf.04348b3d8e5690b161e8676e0023bbcd.jpg,640,750,happy,156,209,553,635
128_14_jpg.rf.f34c32febbc77e342109f6f7191f0c30.jpg,640,750,sad,82,210,531,687
29_17_jpg.rf.7b58b9844774cabe14974562fb73f0b5.jpg,640,750,neutral,73,108,599,646
123_24_jpg.rf.54903f1929b98d36bdfb5a0d8a6dd797.jpg,640,750,neutral,54,190,536,732
112_4_jpg.rf.299847afe50f795f848fb463a20faa67.jpg,640,750,sad,185,163,584,640
43_19_jpg.rf.78165b2f27f43fe803fc6594a5a746bc.jpg,640,750,sad,102,148,481,652
73_2_jpg.rf.3d6679b2aef5e86f412911b99bfe330f.jpg,640,750,happy,163,232,558,648
73_6_jpg.rf.468a4bfce5d96796568cc170eef46c25.jpg,640,750,neutral,66,168,553,695
105_19_jpg.rf.f5ae1a223ea9a6d1a373d8cda6902c51.jpg,640,750,sad,90,190,471,630
44_28_jpg.rf.183051ceb5df081e46db08433fc0e7eb.jpg,640,750,happy,192,207,550,641
102_15_jpg.rf.3174e2d62679ac716097e4e7f8fa5cc3.jpg,640,750,neutral,85,137,616,705
78_8_jpg.rf.3ebac1810950694c91c601710d29c1ba.jpg,640,750,sad,90,185,479,643
111_23_jpg.rf.d4348f22a7bf81f15fdfc792f17e19a6.jpg,640,750,sad,119,233,518,682
9_10_jpg.rf.cd6f5e633404cec98e72bab9da592c2e.jpg,640,750,neutral,197,215,538,630
42_5_jpg.rf.c7ed880161f49fe7d5c9f3dfdc12bbda.jpg,640,750,happy,29,197,457,713
19_30_jpg.rf.f34840ccc5e1b6f863de133acad9a95f.jpg,640,750,sad,80,168,548,674
30_7_jpg.rf.1a2f4eba3d45d7ddd0f5af60e76f618a.jpg,640,750,neutral,159,173,588,654
86_18_jpg.rf.7b25d04d3f6e2c70c8f9cd55e003a403.jpg,640,750,sad,68,230,514,688
25_31_jpg.rf.4ad78cc4cd58ddb6e08861bbae19e627.jpg,640,750,happy,102,175,510,647
51_9_jpg.rf.f7398450515d358ab501e691c77a1823.jpg,640,750,neutral,129,244,516,651
128_29_jpg.rf.da87e34005bda31d39a7414d4855ad0a.jpg,640,750,happy,49,167,465,678
120_28_jpg.rf.3f98b9a889ed7ebcb348dbd54eb81fc5.jpg,640,750,neutral,93,169,545,667
4_8_jpg.rf.bde68a9c1824389a187a14981abf6947.jpg,640,750,neutral,68,151,548,670
105_32_jpg.rf.93236fdac90019da8ccae774b29feb2a.jpg,640,750,happy,87,162,558,712
94_18_jpg.rf.1739e1d4377a9a1b36e66310b30d33f9.jpg,640,750,sad,225,282,543,630
136_10_jpg.rf.c2fd92138f0673984fca5fcbe51dcbaf.jpg,640,750,happy,61,147,510,677
32_1_jpg.rf.f87da566e76aca0cc708338771176c5e.jpg,640,750,happy,55,180,466,701
27_17_jpg.rf.3862cfbee666c809c10feced001f617f.jpg,640,750,neutral,205,204,576,654
4_8_jpg.rf.e6faa0ca7c69e6ba019ad4ed364d0100.jpg,640,750,neutral,172,205,541,621
25_23_jpg.rf.bc220ee5e34383794d310d3cae1e44b2.jpg,640,750,happy,170,222,538,646
73_6_jpg.rf.df72ad6b8e3aa4281f2eb0ffe1d34918.jpg,640,750,neutral,140,226,497,635
4_27_jpg.rf.bb5ebda34dcaff6757f4b3e7aaac1750.jpg,640,750,neutral,59,167,559,694
89_9_jpg.rf.ede711d781e79c760dea3e3f37d40d98.jpg,640,750,happy,153,158,615,728
130_2_jpg.rf.20679d02fcae93555a4612fe51e4a70d.jpg,640,750,sad,190,188,534,635
62_4_jpg.rf.82be2b24bce3c0b7cf631065fb8fb348.jpg,640,750,neutral,94,196,498,643
94_18_jpg.rf.e919393dba2a55f97cad7ee846ab88a1.jpg,640,750,sad,59,255,444,666
35_26_jpg.rf.752152445da262486646ae201d09c8cd.jpg,640,750,happy,107,172,547,685
21_5_jpg.rf.729269ee458383c0ebb9f59eb8e5149c.jpg,640,750,neutral,132,186,552,730
70_25_jpg.rf.a245a51644828c184ebc1e365b43caa6.jpg,640,750,happy,89,150,497,641
78_2_jpg.rf.7c0fee9819e51e3dfb999316cead8a46.jpg,640,750,happy,32,158,523,705
119_32_jpg.rf.1108d909c0c7015a1bb073ff488a8be4.jpg,640,750,sad,193,211,546,628
19_30_jpg.rf.229dd91e9c3b936890f984779dfe4624.jpg,640,750,sad,131,214,507,637
37_25_jpg.rf.fddf4eb299900ce2eb3e30870626f1cb.jpg,640,750,sad,67,110,568,686
48_12_jpg.rf.658406188a6106ed198485209c943050.jpg,640,750,happy,167,193,585,688
125_33_jpg.rf.e47f22b7372446cb2ab1d58bfa8128b1.jpg,640,750,happy,96,181,482,661
124_2_jpg.rf.6d9256f480634439957d26d2a07e5706.jpg,640,750,sad,94,205,511,656
78_8_jpg.rf.52eab7828eee018700bf381620e5fc51.jpg,640,750,sad,44,153,538,702
125_3_jpg.rf.92c82c55f986d8005b97ec9e5f7cb899.jpg,640,750,neutral,132,192,523,630
116_5_jpg.rf.1c5b7af2de683d35471ece70cd903068.jpg,640,750,sad,122,203,516,642
102_15_jpg.rf.c5c118c040326ce0c03f09c43a9b84a1.jpg,640,750,neutral,139,183,566,651
72_4_jpg.rf.f7586ee4ca1efdff306a0b6d74dd1f72.jpg,640,750,neutral,145,197,567,670
47_31_jpg.rf.9ddf4484494e2a045259f2f2f4a28512.jpg,640,750,neutral,26,93,578,640
50_5_jpg.rf.b504625a7a00c82b9dddc7a5ea1f915f.jpg,640,750,happy,146,158,595,688
136_10_jpg.rf.55fb0e13baa0d784c4eb772b9af6220f.jpg,640,750,happy,163,179,560,660
95_22_jpg.rf.f4f70a38640fa23266583564813a814a.jpg,640,750,happy,0,0,640,745
42_7_jpg.rf.072df7b0d4d92ac97e9859bf46cdefc0.jpg,640,750,happy,192,256,560,641
72_24_jpg.rf.8ec5da74e4df5d68c6d4ed8f69623c69.jpg,640,750,happy,150,155,573,674
130_2_jpg.rf.66b63721f5717baccd5703182272ed9d.jpg,640,750,sad,196,206,588,710
23_11_jpg.rf.ab442d33608fb412347d5bd1e68facf9.jpg,640,750,happy,126,195,531,655
79_22_jpg.rf.d461316fd2e6d559e8b18d0997769d65.jpg,640,750,neutral,0,68,551,668
20_12_jpg.rf.f0538ad7ac9f0fa42887677f13738bad.jpg,640,750,neutral,31,78,537,636
88_22_jpg.rf.3b172484a5731570e26fca4a98374697.jpg,640,750,neutral,157,171,566,641
121_9_jpg.rf.165fec8a024b37b0eb16d5a575cfdae2.jpg,640,750,neutral,182,234,550,637
74_0_jpg.rf.470a6d7837ae6b01cc8d0c80937d0a77.jpg,640,750,happy,133,164,565,659
34_21_jpg.rf.497e4c4214b9c97569ec6e852687121e.jpg,640,750,neutral,164,228,486,634
51_21_jpg.rf.b020c0b7529f4d8f899d813976a0a3ed.jpg,640,750,sad,106,267,437,636
104_32_jpg.rf.513da15e62ba695cb0ee0d6aa3bb9fbb.jpg,640,750,neutral,82,168,581,707
2_20_jpg.rf.7210bab4614163159fcca1174fea55a7.jpg,640,750,neutral,92,164,537,680
111_22_jpg.rf.96298cb3b6910e3c9586820d11ee1ff1.jpg,640,750,sad,187,171,606,640
40_26_jpg.rf.a4de9c1c925bfa9420e7dad8b8bf063f.jpg,640,750,neutral,91,112,600,635
17_20_jpg.rf.e9ae82d9817d8998d8d3b290d6a1f994.jpg,640,750,neutral,99,94,606,646
115_32_jpg.rf.5da45e2c37d0c7f23e696c1f302cb2bc.jpg,640,750,neutral,92,165,552,672
40_26_jpg.rf.252d5a4c41942eb1f50bd62cb4570d90.jpg,640,750,neutral,27,105,555,645
39_19_jpg.rf.0bf6cbae10e907467618fb8f1ca7fd6f.jpg,640,750,happy,142,191,510,666
39_19_jpg.rf.d163389f5bcb7dd2c6b1f71b6be4364f.jpg,640,750,happy,91,140,567,707
88_33_jpg.rf.b71cae118a4ff44d762a6ca13a4c127a.jpg,640,750,sad,73,130,544,646
41_18_jpg.rf.97e0e3a7fef4911d8b0a432dd55f5e87.jpg,640,750,happy,115,210,516,651
131_2_jpg.rf.0261d146d3067c963f6575608ffb6f6b.jpg,640,750,sad,187,204,635,692
81_27_jpg.rf.96436960f1e2a62088dba46856091cdf.jpg,640,750,neutral,135,187,511,635
17_34_jpg.rf.3ead5fea719032b3374feee3fe34196d.jpg,640,750,neutral,113,202,551,659
22_0_jpg.rf.28a1054a2308b07c38b343db17d86075.jpg,640,750,sad,99,210,519,674
54_13_jpg.rf.1aa8710a7ace5829c9a494938178d02e.jpg,640,750,happy,104,192,412,676
88_4_jpg.rf.e0c2eb084091a96d584e9f5c5440663d.jpg,640,750,neutral,40,144,513,653
22_0_jpg.rf.ae0a67b4761ba6907e34b47c717b6572.jpg,640,750,sad,93,174,543,663
133_21_jpg.rf.67f66842ce5ca492c941f7a4131cc375.jpg,640,750,sad,186,217,549,623
98_17_jpg.rf.0e0ffb0a754292997623a6beaab16531.jpg,640,750,happy,70,73,560,651
88_33_jpg.rf.ec4c46f3902c0a70f16b4a21b4796653.jpg,640,750,sad,99,209,462,620
25_0_jpg.rf.3df7576ddab9bc716900d3242503c4d5.jpg,640,750,neutral,0,46,640,750
62_31_jpg.rf.6dd8e27c9e05dbd495792b68152e3c5f.jpg,640,750,neutral,80,225,503,687
20_11_jpg.rf.ff803d409685c7a664fd2c35c31e6562.jpg,640,750,happy,107,174,514,648
58_26_jpg.rf.aeb36604de0c74175bae70b9cc93b8a2.jpg,640,750,sad,118,204,516,642
103_21_jpg.rf.214943e9168b9e7b320a2cfa37f1c078.jpg,640,750,neutral,76,204,480,671
88_22_jpg.rf.0d05147f9264100e5303d2c5d9803188.jpg,640,750,neutral,95,199,461,624
5_27_jpg.rf.fb44b21f554fccadf93e74ef4d0a8871.jpg,640,750,neutral,0,165,464,665
58_26_jpg.rf.88baa95bec2fa91ccae324884ffdfc0b.jpg,640,750,sad,83,161,584,690
35_7_jpg.rf.5fdf058f091766006a201ab2a4fe5655.jpg,640,750,sad,150,204,576,698
88_4_jpg.rf.eea336865fceafa77af539fe6f36f20a.jpg,640,750,neutral,77,190,560,709
138_10_jpg.rf.1be8c9280f163d1b3ab700c6061a2106.jpg,640,750,happy,101,199,465,655
32_21_jpg.rf.97618a0a22920dcb7f73591e4adbdb48.jpg,640,750,happy,85,143,515,680
42_28_jpg.rf.c8b8d9861d6b43c98d2d6683d92462ea.jpg,640,750,neutral,99,219,452,635
74_15_jpg.rf.2bb956a30b1737fa2dbb96227eac600a.jpg,640,750,neutral,61,111,561,655
88_33_jpg.rf.ba70129127bddb5c396dc47aaa1a8eb2.jpg,640,750,sad,147,196,580,671
17_20_jpg.rf.c7d590e7b590b334c27ff1796880015b.jpg,640,750,neutral,26,44,640,739
13_6_jpg.rf.64d70dfea42f9cf0e8dc6f67edb2f3c2.jpg,640,750,neutral,77,199,495,686
56_22_jpg.rf.410c6e356f3049f0f19e274a0216688d.jpg,640,750,neutral,101,211,431,625
40_26_jpg.rf.3779fe4a4e603d45edb1556050ee8027.jpg,640,750,neutral,0,16,640,680
17_20_jpg.rf.7e5597c738efb64366a0fa5f41558583.jpg,640,750,neutral,83,70,630,660
13_6_jpg.rf.b85c347c4bdca63fb2169dac494f2a33.jpg,640,750,neutral,97,213,459,654
115_25_jpg.rf.088132bceadcf1f544fc164026cc9832.jpg,640,750,happy,167,190,584,684
132_33_jpg.rf.44d70254ab81143d488a638ce2940c08.jpg,640,750,sad,62,166,478,656
87_28_jpg.rf.faea55973bc08d23817f687d52e6a9db.jpg,640,750,sad,93,129,517,647
64_19_jpg.rf.3ab5fea5587e248cc640a5cab5135baf.jpg,640,750,neutral,41,126,591,678
88_7_jpg.rf.858aaf4f17cbbab792af50341e13eedc.jpg,640,750,sad,102,168,562,661
38_26_jpg.rf.b5249330ac1b2a954fdfcef5dbab2493.jpg,640,750,sad,114,163,554,643
39_13_jpg.rf.604f02abc6cb482b1f87453008a74973.jpg,640,750,sad,221,203,549,641
79_22_jpg.rf.1d8cbd5f46c3964322f0bc90d0e0c6c2.jpg,640,750,neutral,27,94,522,644
122_34_jpg.rf.1e5d947aa2e672dca7a569819d9f5111.jpg,640,750,happy,152,189,554,662
42_26_jpg.rf.be35fc785451a138bfe0f8e8f4bff1bb.jpg,640,750,sad,179,200,562,656
25_25_jpg.rf.45e21279451de3e2e7a983e56f8ea62a.jpg,640,750,sad,161,243,497,627
54_13_jpg.rf.37cfbb288128afeae894ff382fd945db.jpg,640,750,happy,69,177,453,716
30_31_jpg.rf.afe6f41eb328a6677626e46ff08961b8.jpg,640,750,neutral,0,26,601,703
88_7_jpg.rf.03d0fd7d51be8a1969454778bc0b76f6.jpg,640,750,sad,140,203,532,628
106_33_jpg.rf.2859629bb7a5046bb8305db364f96494.jpg,640,750,neutral,158,212,498,632
18_24_jpg.rf.2090f0f04e49433d0a30fcf9377e9ab2.jpg,640,750,sad,103,176,492,644
18_24_jpg.rf.46223d3e9c1e6b40384889fc080a3591.jpg,640,750,sad,136,168,558,666
97_1_jpg.rf.c6552714e09c5146ca7e7b2002f5d160.jpg,640,750,neutral,109,103,611,668
44_9_jpg.rf.595af688a47059f58c222b9bc7948233.jpg,640,750,happy,140,203,509,649
71_23_jpg.rf.2347c446980556ec52871558c3f768e8.jpg,640,750,sad,133,237,503,630
22_0_jpg.rf.d4c80419be939ea38e44025ef550bd6d.jpg,640,750,sad,150,225,500,624
82_4_jpg.rf.9cd6708216d96dbf263d744687c9e660.jpg,640,750,neutral,39,153,526,689
78_22_jpg.rf.dc891deaa6eed7207559ab10633754d4.jpg,640,750,neutral,136,190,515,641
54_27_jpg.rf.9d6a7cf65af0703ac1e6a8dc84266bee.jpg,640,750,happy,137,192,552,673
2_20_jpg.rf.c3f7f27ef9cfa57e9c19d7591888144e.jpg,640,750,neutral,147,192,516,648
72_6_jpg.rf.aa8f5dee4e677854a3358d5b03ee8dde.jpg,640,750,sad,167,214,570,641
58_26_jpg.rf.e1b7cf2e88a0853a7451527f1b538eea.jpg,640,750,sad,75,183,545,689
115_32_jpg.rf.1d3e47c734e2e33503f20e144c9dcfaa.jpg,640,750,neutral,114,189,529,664
116_8_jpg.rf.81d8108bdc2c525799d09b717ab21ab8.jpg,640,750,happy,216,194,542,628
39_4_jpg.rf.eb2b0f9cf451730f482a51b21b12974a.jpg,640,750,neutral,210,197,548,642
93_17_jpg.rf.954e0bdfd2b3d2b676343a42ef1b4026.jpg,640,750,sad,220,183,635,671
88_22_jpg.rf.0d5cd8760c68334706a2f6dab570bb3d.jpg,640,750,neutral,129,131,595,646
82_4_jpg.rf.4fe12757dc735ad178fe0e3bb567dba8.jpg,640,750,neutral,111,187,526,659
54_13_jpg.rf.58fb6e687551718a4aeb18d85eceb0d1.jpg,640,750,happy,153,173,573,723
58_11_jpg.rf.4857c6b81021e04c9d8f371bc8784167.jpg,640,750,neutral,186,224,544,625
5_28_jpg.rf.0baec6d74579e1f259add03fd263886c.jpg,640,750,neutral,135,241,504,637
93_17_jpg.rf.fad0e40a3729bc2bd92a0c3fe15193aa.jpg,640,750,sad,98,246,400,637
106_33_jpg.rf.ebfc17bd5f11f1cef488f4a95b1050e6.jpg,640,750,neutral,125,215,493,667
79_20_jpg.rf.5babeb43cf718cd5ba3302c33e597c44.jpg,640,750,happy,105,172,459,656
20_12_jpg.rf.dc596a2d061107fc23f672002bc38e27.jpg,640,750,neutral,30,0,640,694
90_1_jpg.rf.8c7f43d4bff5b78e24dfe4204469382a.jpg,640,750,neutral,65,61,613,685
13_6_jpg.rf.40fff908321fa4871f9143e2edb8ca05.jpg,640,750,neutral,127,171,548,676
111_27_jpg.rf.25be90543f2a61aafd9839b10f4bc133.jpg,640,750,happy,105,230,440,656
38_26_jpg.rf.6394417fb7484e0f99813f2ea695406e.jpg,640,750,sad,56,127,593,703
103_21_jpg.rf.a6659394441d64bac87b94401128ad04.jpg,640,750,neutral,146,200,571,687
133_21_jpg.rf.9fe3badf937dcd90de60a8b803548bbd.jpg,640,750,sad,59,187,475,640
65_16_jpg.rf.9b9888fcc59635c110dd753082ef5927.jpg,640,750,neutral,150,225,506,636
41_18_jpg.rf.4f0871ff7a3724bfccb2683a26e5b578.jpg,640,750,happy,88,180,558,685
64_19_jpg.rf.37c0de5bb9577e6a754e673d9abc26be.jpg,640,750,neutral,29,100,611,684
131_2_jpg.rf.12cfe874dcb4266129b69d89c5e84e73.jpg,640,750,sad,218,228,556,611
39_13_jpg.rf.3922bd1efd0fb0fb96f9ab4325c3314d.jpg,640,750,sad,202,139,593,640
81_27_jpg.rf.310d4dae0df839ccc4d6ad7ea67bd406.jpg,640,750,neutral,94,146,529,652
20_12_jpg.rf.33d6831e7f44de4062757287e408e4d5.jpg,640,750,neutral,49,7,640,691
131_2_jpg.rf.0d9bf9a11cc5fd6fbcf09d8506410966.jpg,640,750,sad,26,166,462,637
62_10_jpg.rf.397cc5ad31af6061166501b71867e371.jpg,640,750,happy,93,238,486,660
134_9_jpg.rf.e1de37ef84865e63030debd957da3c2d.jpg,640,750,sad,103,229,455,622
50_7_jpg.rf.1788a82d66034edc858ecbe164d335f6.jpg,640,750,neutral,138,196,503,630
93_17_jpg.rf.de733640d39574a2a257a279cfede713.jpg,640,750,sad,187,217,577,681
62_31_jpg.rf.8916e98e5ebdb749d6bdd4d5814029bf.jpg,640,750,neutral,102,251,430,631
72_6_jpg.rf.b78850686ec5b1c50a1e1f8669bd96ee.jpg,640,750,sad,97,233,435,599
97_1_jpg.rf.35d71019c00946a7356925f7bdfbc4f6.jpg,640,750,neutral,47,12,640,714
122_34_jpg.rf.ecf992142b910850ed19e3fad97f0810.jpg,640,750,happy,116,146,608,697
138_10_jpg.rf.4a081e898a8edfca722bf0b3cc5f6c50.jpg,640,750,happy,164,192,547,666
7_15_jpg.rf.ac16752b4571c933c35f3636237bd031.jpg,640,750,neutral,77,163,555,639
25_25_jpg.rf.9467ad48825360c201f6e04b40f2f36b.jpg,640,750,sad,114,221,498,647
30_31_jpg.rf.7fa4fb0b860914d3d7affc617858a713.jpg,640,750,neutral,88,80,622,663
42_28_jpg.rf.b5585a190956b5db5d7542ada8179d75.jpg,640,750,neutral,177,205,551,640
79_22_jpg.rf.c6a8c3bf1b20bf715bba17617cb1e1e3.jpg,640,750,neutral,0,73,548,705
62_31_jpg.rf.0fe0d8868cf94bcaa0b3ca4af31584d6.jpg,640,750,neutral,98,240,453,645
18_24_jpg.rf.ab058ded2fbc73ec33a41330b1d63fba.jpg,640,750,sad,111,137,591,679
24_6_jpg.rf.fc548ed94e42ccde7b463d57bcad7965.jpg,640,750,neutral,93,116,520,641
131_5_jpg.rf.64e6ad96f55438f6aa60893ea60e1f2f.jpg,640,750,happy,39,150,554,701
55_7_jpg.rf.dbdefd2b22b217bd6739b5d1a7e0a571.jpg,640,750,happy,63,124,608,720
104_1_jpg.rf.b01723c68ee483d4dca31b45a70c7a43.jpg,640,750,happy,143,291,555,692
105_22_jpg.rf.3e2107d6ea85f62c0e6ca8424ebd2c35.jpg,640,750,neutral,65,193,470,727
16_27_jpg.rf.9ae062ebc95432a5fe9ee22d6588e5a7.jpg,640,750,neutral,0,32,640,712
3_19_jpg.rf.a1e6827d6aa9347dafb436f2f08a3fc0.jpg,640,750,sad,72,191,492,660
78_6_jpg.rf.17361ab2f948a58613f1b32188637e59.jpg,640,750,neutral,30,22,635,690
86_10_jpg.rf.584c94a40c48bc803e144af2e6a4bf13.jpg,640,750,neutral,99,223,524,658
85_16_jpg.rf.d0d93a4b9c77cfc4260a2bb139a0d786.jpg,640,750,happy,81,155,565,690
104_1_jpg.rf.9ce8693f0cfa3e0724c08d0bf7605256.jpg,640,750,happy,78,281,474,665
124_26_jpg.rf.b7086c1e8149c1cc96180971215f070a.jpg,640,750,happy,130,190,565,682
79_5_jpg.rf.18a7de95f30969997a2cf0784068303a.jpg,640,750,happy,32,114,525,711
105_10_jpg.rf.f08beb20e010188faa116b4bda4cfe53.jpg,640,750,happy,65,175,528,708
55_22_jpg.rf.735d587737c1d5622df3ea41be20a10b.jpg,640,750,sad,30,138,505,709
72_0_jpg.rf.fc0de54ed4fbf2c8abdf53f699bdaf60.jpg,640,750,happy,71,145,594,712
78_6_jpg.rf.6752899b55ee72c81f860cb36d477706.jpg,640,750,neutral,67,58,620,676
46_15_jpg.rf.d6aa9a91068c281311d66841c80395cb.jpg,640,750,sad,109,158,537,649
50_10_jpg.rf.c6c7c5a2d7de54823987aef1d76123e3.jpg,640,750,happy,85,159,506,680
54_23_jpg.rf.d960666974e0fbeb1ff7fa64ae4319e0.jpg,640,750,neutral,138,189,517,656
86_10_jpg.rf.52983a340d53f99e316e52091e20d35b.jpg,640,750,neutral,132,236,551,667
6_20_jpg.rf.ee2bfb246a2c4de227b59d12c19080ce.jpg,640,750,neutral,178,181,556,629
121_29_jpg.rf.d77071c11ab8f95fa303ba3ebe15027d.jpg,640,750,happy,89,161,559,688
72_0_jpg.rf.e641febcef487bb783fa3f2052bff964.jpg,640,750,happy,103,176,520,643
93_4_jpg.rf.12df65661b7da369dc211394b8b423b0.jpg,640,750,happy,134,184,526,673
120_32_jpg.rf.5a1a423e6836831e3c6a7d7df9d319a9.jpg,640,750,neutral,229,199,560,656
36_14_jpg.rf.f098b40d31759891e9390d3c370b2616.jpg,640,750,sad,27,162,467,640
11_18_jpg.rf.70402f5a58c6533c78c0948f71bd37ee.jpg,640,750,sad,95,153,610,709
110_34_jpg.rf.45b163444a590fcd2565486bb9388b92.jpg,640,750,sad,80,157,575,738
37_23_jpg.rf.0ff4827c43f70544097cf47831033f26.jpg,640,750,happy,174,186,580,697
49_30_jpg.rf.c3256f96919f494ee5139ad1cd8f44e7.jpg,640,750,neutral,64,90,603,670
31_20_jpg.rf.076f07f90b1067b5d4d11233544e4599.jpg,640,750,neutral,0,101,596,688
76_8_jpg.rf.0a2c1e6031e241a1d89315c6ee895a0a.jpg,640,750,happy,130,171,529,653
122_16_jpg.rf.95a8d6e2950b4573ab3840e7ef3d65ad.jpg,640,750,happy,61,133,564,703
0_22_jpg.rf.0eb5d5a5319a7a4287282de1d74e2033.jpg,640,750,sad,112,202,536,671
99_13_jpg.rf.8715402ed2085b47f444faea2d944d26.jpg,640,750,happy,0,0,597,715
50_10_jpg.rf.4a44cc7338c1db0a424750fe148d1e5f.jpg,640,750,happy,50,122,562,708
70_34_jpg.rf.1e7f625753488a3b93080bec3faeacab.jpg,640,750,sad,168,106,599,643
110_29_jpg.rf.dcf2cbe34148d686d6e1e90c2d87f764.jpg,640,750,neutral,137,163,583,701
102_26_jpg.rf.72ecdc71b7a856b9510ffd1c896351f5.jpg,640,750,happy,132,143,608,688
62_2_jpg.rf.126da60baecc93c5ff28e125da66943a.jpg,640,750,sad,104,155,572,676
79_5_jpg.rf.7fff63cb8d43413d3ab79b356da7f1c3.jpg,640,750,happy,103,122,618,727
109_9_jpg.rf.fdfd2bf02c76e104eac55952821566f0.jpg,640,750,sad,87,212,480,685
85_34_jpg.rf.35fe9e84a48a3adafa6dcd081742f7c6.jpg,640,750,sad,133,146,583,657
52_23_jpg.rf.303fa1e85ee0087e29bf136802d5ccbf.jpg,640,750,sad,88,198,530,666
83_1_jpg.rf.fa248c07ca896a493f1d9d756994b070.jpg,640,750,happy,138,183,607,679
122_16_jpg.rf.e71d49eb953011ae27aafc1ae392072d.jpg,640,750,happy,80,119,587,701
98_12_jpg.rf.db31953827bd26d5f35b09ec214b14d4.jpg,640,750,neutral,147,174,597,670
121_29_jpg.rf.55ef3d0003cd5adb72d7297eded56ebe.jpg,640,750,happy,110,186,512,661
52_12_jpg.rf.84e687a86b14828d6820bbbc813dc06d.jpg,640,750,neutral,0,41,633,719
5_8_jpg.rf.67d8cc3fb4300bf6f25d6d31c89abf6d.jpg,640,750,neutral,85,231,486,675
122_30_jpg.rf.ad54aeee0c9438ef44d02834318bd7c8.jpg,640,750,neutral,118,155,559,698
24_6_jpg.rf.c1782ac24fb59a41ccca1d17b2f334a2.jpg,640,750,neutral,74,79,629,717
12_15_jpg.rf.fb57e69152225fe59035c665c2b0898a.jpg,640,750,sad,117,146,548,653
27_26_jpg.rf.c90b4664926934d7acdabe849550bac2.jpg,640,750,sad,118,201,515,651
135_3_jpg.rf.c40cbddb0ecd14deb4aa24839796a33c.jpg,640,750,neutral,55,181,482,686
67_17_jpg.rf.6b47c9f4e1898ffaf899f005a94dbbc2.jpg,640,750,sad,120,186,506,642
23_34_jpg.rf.8fbf5ef90ec3f29c83bd9913c26646c6.jpg,640,750,neutral,62,70,638,661
55_6_jpg.rf.c70cca4e8fa75a9c9a5c7641a8845648.jpg,640,750,happy,61,109,610,692
20_17_jpg.rf.5d4dd0b823faf7fcd6dd25d96fb39bc1.jpg,640,750,neutral,73,132,570,694
138_9_jpg.rf.d6695fabf6b8824070e5ede2af2e9a33.jpg,640,750,sad,62,162,554,693
124_5_jpg.rf.f7cbcda303d683198bfe282dab363198.jpg,640,750,neutral,136,154,626,692
38_33_jpg.rf.c618bf3accded01fe6a32928bfb48c5e.jpg,640,750,neutral,0,47,586,685
78_21_jpg.rf.dc1d1daef0685cd68d9cb3367dffffb0.jpg,640,750,sad,92,156,557,670
5_15_jpg.rf.6c687138379f24e75196bad17299bae5.jpg,640,750,sad,114,235,548,660
31_20_jpg.rf.79764dec891fd7e5c9ca44b7b138aa1b.jpg,640,750,neutral,0,30,629,701
31_24_jpg.rf.de2fef288e06c83d6e5a29f8029c0b5c.jpg,640,750,happy,182,229,556,663
138_9_jpg.rf.c5fa9b8a4d5ca781e7a96ce9a80708e2.jpg,640,750,sad,141,215,512,633
78_10_jpg.rf.3ff7cee0605471103c0460b0f0c34351.jpg,640,750,happy,63,142,523,672
27_0_jpg.rf.f53f3022e078c381d4a216835809d11a.jpg,640,750,neutral,52,173,508,694
25_14_jpg.rf.6e8f4c2e53d9f11d2f59c52538b6cae6.jpg,640,750,sad,144,210,572,682
96_15_jpg.rf.d33c7300c327e48d46848f93e1b4ce22.jpg,640,750,sad,96,202,491,650
59_15_jpg.rf.3653547a6f37dc2b46d2f5528929f184.jpg,640,750,neutral,37,49,640,722
100_30_jpg.rf.10a5388f7d8f428768fda728b6990047.jpg,640,750,neutral,105,181,539,689
70_20_jpg.rf.b4a0d7f3e43de63b657de869ec80e4e7.jpg,640,750,sad,68,140,527,686
60_18_jpg.rf.0e9db668009233c7785e5cb32293cc62.jpg,640,750,neutral,92,178,509,660
93_8_jpg.rf.970e7e737d4bd502b3d41990cc8b2bd2.jpg,640,750,neutral,171,185,575,657
118_14_jpg.rf.6182eddd2721711b73901acc9883c989.jpg,640,750,happy,60,200,492,674
110_29_jpg.rf.bcc4f77864e444f2f43b49d9586ce8c2.jpg,640,750,neutral,119,111,603,679
131_5_jpg.rf.6ec52fb07f3b587e36acb5e4bbdfd576.jpg,640,750,happy,97,181,547,670
107_29_jpg.rf.38fa536380378f6279338d97c3f187e2.jpg,640,750,happy,141,153,618,692
24_16_jpg.rf.7beeeaea6d40d2061d581e6574a4e792.jpg,640,750,sad,112,191,533,636
74_1_jpg.rf.9eba2d271ace57e725b03a3eb012e94e.jpg,640,750,happy,43,170,514,715
22_10_jpg.rf.8d6ab8c838042ef6e01c626d14110cf7.jpg,640,750,neutral,45,98,585,689
6_20_jpg.rf.58cdff5f6735298d6c25c18e93f44b0b.jpg,640,750,neutral,178,197,541,629
85_20_jpg.rf.bfc1e68ddcc39df839af6a4ffd2e3d49.jpg,640,750,happy,135,167,633,708
132_10_jpg.rf.fda9a47ddbcd0000ef4ec1da3f22d000.jpg,640,750,happy,203,187,550,662
28_12_jpg.rf.37c0041f4b4d86057e8d431fbee88857.jpg,640,750,sad,25,101,577,687
137_25_jpg.rf.3982ac89a1273fae3ce93d7634addc54.jpg,640,750,happy,98,177,570,669
70_20_jpg.rf.c4e604a88afd131daf9586f38bcb1290.jpg,640,750,sad,159,176,527,638
3_19_jpg.rf.e0f14ace13f34749ad277565dda34254.jpg,640,750,sad,106,149,626,707
55_7_jpg.rf.9f60703a1080390f292e7bd090e9062a.jpg,640,750,happy,91,187,501,666
70_34_jpg.rf.d4aa80199a071139d65737491f4414de.jpg,640,750,sad,103,179,452,637
21_20_jpg.rf.f0a74a1fa1daaba341c61a1d4e269a98.jpg,640,750,sad,33,149,499,694
124_26_jpg.rf.e4edfdf1feb84c0a0bdc9a9943f90b49.jpg,640,750,happy,94,153,561,672
62_2_jpg.rf.1f15d0312e82be9e07676aa958f51ee2.jpg,640,750,sad,190,231,534,638
35_0_jpg.rf.5a72f9cca191e36d7d4c88ee44877996.jpg,640,750,sad,210,218,545,648
110_34_jpg.rf.9e04bc87c3d3f87cda674aef508e6d8c.jpg,640,750,sad,144,173,526,646
31_20_jpg.rf.aab6e1f567e4d8d84cecc44457c685df.jpg,640,750,neutral,17,132,565,658
86_10_jpg.rf.fe20c98304e30940bcc6e993d046aaf6.jpg,640,750,neutral,138,256,501,632
104_1_jpg.rf.68657bc09549e0860ea97c42ef821cdc.jpg,640,750,happy,88,296,442,638
32_9_jpg.rf.ff4d53cc508ae4a6d4e5d989eb1b8c78.jpg,640,750,happy,97,145,620,750
85_16_jpg.rf.3d4d380251aff84dc686d5a6138b6523.jpg,640,750,happy,147,195,523,642
124_26_jpg.rf.115a27c0fef0d9adf78eb1e2ba8af139.jpg,640,750,happy,137,198,524,643
121_29_jpg.rf.61770f649e340c473788bafe6ec667b2.jpg,640,750,happy,147,203,518,650
120_32_jpg.rf.ee0b19214d6f4f336ea33632f8bd841a.jpg,640,750,neutral,104,215,415,650
55_22_jpg.rf.93963b5066d41ea13ccc77451504a1c4.jpg,640,750,sad,218,193,552,641
102_26_jpg.rf.3ac9709b17ce9af65243d38e5c15f082.jpg,640,750,happy,144,167,559,648
85_20_jpg.rf.746f06f0eec88e24ccc02af5c1561a91.jpg,640,750,happy,84,206,479,651
93_4_jpg.rf.6766cdfff4534ba9ad7a9bed6e88c1d1.jpg,640,750,happy,169,223,491,650
35_0_jpg.rf.c9f6128783cdd6c081d9806a258ee05d.jpg,640,750,sad,149,188,601,716
122_30_jpg.rf.766516c1cdd9b368fefd3eb2d673d854.jpg,640,750,neutral,131,188,506,666
51_5_jpg.rf.709e7a378b19e4ed25c2de2227a3c3d2.jpg,640,750,neutral,4,33,640,693
72_0_jpg.rf.8397e8834e385dd667894e576b909202.jpg,640,750,happy,143,200,515,627
50_10_jpg.rf.ce52c30c92ab15b391e85cadb41b3ed6.jpg,640,750,happy,129,186,493,647
23_34_jpg.rf.f42e6205f860c7dfdaaa9cbe23d50f6b.jpg,640,750,neutral,0,74,602,709
83_1_jpg.rf.ca5c80f6fa6c998dd438e7636e0ea2af.jpg,640,750,happy,144,237,597,726
52_12_jpg.rf.2ef58a082adb447fef95ed667845e872.jpg,640,750,neutral,0,52,640,710
5_8_jpg.rf.bbd1d1a71eee4b617bc65fcd3b6e2df1.jpg,640,750,neutral,115,220,590,732
74_3_jpg.rf.6109573e6a98c41f806ef1157a01371b.jpg,640,750,sad,174,221,544,626
41_13_jpg.rf.39d4c6dc4abbabe7c8dc5ff3574bdd2d.jpg,640,750,neutral,115,190,581,700
125_31_jpg.rf.79922e3d1cad4a858f13fb90efa7dce5.jpg,640,750,happy,99,168,539,692
48_25_jpg.rf.1e41021452b00c24554a0787a9065919.jpg,640,750,sad,166,223,558,664
2_14_jpg.rf.939baf09577bd484fad19ff729b42dce.jpg,640,750,happy,55,201,478,670
139_30_jpg.rf.c26366c5f07b347e38b57c9bcef9db3d.jpg,640,750,happy,173,204,563,657
55_6_jpg.rf.4f670ed04abfb0b8175d192b1e1a5777.jpg,640,750,happy,43,133,593,709
2_4_jpg.rf.38f09a66bbff32af1dd5d18e5ef3f8db.jpg,640,750,happy,102,146,571,660
67_17_jpg.rf.f8b8057d74d517ee076fb9b5f695fe40.jpg,640,750,sad,127,176,540,653
55_9_jpg.rf.bc1bcb52caa77519c3093561bba5f593.jpg,640,750,neutral,76,148,567,678
5_15_jpg.rf.2f5c5e512d50957eb53587da06c60259.jpg,640,750,sad,111,246,521,645
135_3_jpg.rf.9a3f65e7ed112a1869683191d20e6055.jpg,640,750,neutral,188,197,559,653
121_13_jpg.rf.63e98acca248b43366673cd2715d1d36.jpg,640,750,neutral,90,222,575,750
101_6_jpg.rf.9346c4bc088ea9dead7f27745f674689.jpg,640,750,sad,53,170,456,651
62_27_jpg.rf.4a87887aff5036892fd0fefb2ad268fa.jpg,640,750,happy,133,217,557,688
65_10_jpg.rf.5a00f4ee9d01c7b696bb1707d4fcf126.jpg,640,750,sad,182,215,572,653
119_15_jpg.rf.268a244692649ad6d51df6083dabd541.jpg,640,750,neutral,186,175,582,668
17_21_jpg.rf.a34440c8fb8dd1eb885f653b9a3c0ebb.jpg,640,750,happy,65,168,506,698
6_23_jpg.rf.b67693ff55b1afa0cf012d58e3cf7654.jpg,640,750,happy,36,145,531,684
100_30_jpg.rf.ef2b12de63dbeca5e33b6ea43f692eec.jpg,640,750,neutral,45,130,556,695
11_5_jpg.rf.cf9dc29c885fac9e1ad03e6d49ec97ea.jpg,640,750,happy,59,121,538,689
77_26_jpg.rf.75e1986722f0cde33147c0d6d87d33a2.jpg,640,750,neutral,52,106,570,675
126_16_jpg.rf.4173fcb7a4fbe4a9da28c25cabce150d.jpg,640,750,happy,101,114,578,692
28_12_jpg.rf.76eac803d0340f5c43fb1ca2d0d92cba.jpg,640,750,sad,76,136,539,640
10_7_jpg.rf.96cf3ed551b61535b01f2c97be1c1cef.jpg,640,750,sad,82,114,528,678
1_1_jpg.rf.0d0cbee2a95e3bbbf54b807f0b190a30.jpg,640,750,neutral,75,165,568,694
74_1_jpg.rf.350a984742585324b96c905192c2f6cf.jpg,640,750,happy,62,168,484,670
31_14_jpg.rf.45e34d1bda8e15dfa2f63061bf44d63b.jpg,640,750,neutral,0,44,616,719
83_29_jpg.rf.5d698b26f89394b5f2d88147de66a2b2.jpg,640,750,sad,74,225,510,683
132_23_jpg.rf.143a5c42d3aa7793945baadf691960dd.jpg,640,750,sad,161,169,585,656
101_23_jpg.rf.f9222ca0d809eb9ba6f7f38db9049cf8.jpg,640,750,neutral,130,175,578,672
85_20_jpg.rf.f77d382c4a4e0a4f7752b260020cb37c.jpg,640,750,happy,30,147,528,684
24_16_jpg.rf.ae728e54d9f3a33f6ba0b80499a83f45.jpg,640,750,sad,152,240,501,612
84_3_jpg.rf.0c2de07c920486ee398cc9fada20c9d2.jpg,640,750,happy,28,128,549,724
112_1_jpg.rf.d58d05d16cdcabf8dc48f393d145cdd8.jpg,640,750,happy,24,195,490,725
113_10_jpg.rf.fb5c278126482ae9b6f14e3e631b6bc5.jpg,640,750,happy,105,161,545,684
43_33_jpg.rf.3d54b83f63efd2375f0ecb7f1044e59b.jpg,640,750,neutral,19,135,580,713
137_25_jpg.rf.002ef26269db4bd80d784f282830ae06.jpg,640,750,happy,46,148,586,707
59_21_jpg.rf.98c89d2ad329f73942b120e0bef8ed61.jpg,640,750,happy,90,170,531,712
136_9_jpg.rf.0291aa7e451a4e6c9ef3dd9d8aeec369.jpg,640,750,neutral,119,134,578,671
105_22_jpg.rf.e97c47e042d45704031420aa65e2934d.jpg,640,750,neutral,50,149,459,669
105_10_jpg.rf.93b07e5024f36c331b5195e353cc2d74.jpg,640,750,happy,135,149,640,741
8_5_jpg.rf.2e5535407169c31c15e0f34c8e946134.jpg,640,750,sad,166,207,560,667
19_5_jpg.rf.9cf2d7381789db5cd608fe14e3a7087b.jpg,640,750,happy,154,163,604,679
54_30_jpg.rf.4480efac3ca2e2ec3f9dc2e981e4c1bb.jpg,640,750,happy,90,138,550,702
9_10_jpg.rf.889cf1beb6d46cffb5bc11526499277d.jpg,640,750,neutral,153,194,564,664
70_22_jpg.rf.8dbde0561d2a7493b8d9120fc0fcb563.jpg,640,750,happy,60,151,550,702
51_30_jpg.rf.7bdadb2e52f3f8e237001d3a6c320093.jpg,640,750,happy,9,221,450,689
63_7_jpg.rf.8ae9ba7993eebc7269e069ccff7c3699.jpg,640,750,happy,150,169,572,675
27_34_jpg.rf.35818ab888b5bf4e9f20e0528fad874f.jpg,640,750,sad,51,183,458,655
107_24_jpg.rf.343c410711a9335bb3b4c0e6cf99af7f.jpg,640,750,neutral,58,152,510,663
3_0_jpg.rf.7392182e416f89ceb5963eda27f8c0a2.jpg,640,750,happy,88,146,589,688
61_21_jpg.rf.66f440b27bfbc7afcc374e3feedc00d2.jpg,640,750,happy,82,171,546,750
90_14_jpg.rf.cfdd86b364d0ac09183f9b21130da81b.jpg,640,750,neutral,198,154,606,657
121_13_jpg.rf.5b2ce77eb70a0863cf3157e2e0ad7883.jpg,640,750,neutral,104,231,458,661
3_11_jpg.rf.f2f2e795b220d459422f72ed9f7a34cc.jpg,640,750,happy,99,130,591,727
101_6_jpg.rf.3453d2282ffd9550a85cf31439530626.jpg,640,750,sad,106,222,416,636
11_18_jpg.rf.9794d83a9f6c132303d467586462f6e0.jpg,640,750,sad,43,122,602,712
139_30_jpg.rf.d7117a9526e7a74c2c15dc5109155bc0.jpg,640,750,happy,181,212,552,650
48_25_jpg.rf.31c67aac776b71904c692c5a814232a9.jpg,640,750,sad,188,231,541,636
102_26_jpg.rf.d67052c7115f28d9c145b0aa89e892bc.jpg,640,750,happy,103,126,606,695
138_9_jpg.rf.d6ce675d1b8dd662441365bc54a64dca.jpg,640,750,sad,129,213,527,658
125_31_jpg.rf.1e0e7e8a6e71678e0fd052b6e7d9fb7c.jpg,640,750,happy,131,178,528,654
23_5_jpg.rf.f8f0b3dc4f19a169df7fc2619e026343.jpg,640,750,happy,52,153,449,647
35_0_jpg.rf.213e705f11fb6768bfa17213ee94ff56.jpg,640,750,sad,173,208,583,704
70_20_jpg.rf.3bcfa2467decc77114f186ae87882f5b.jpg,640,750,sad,111,178,517,683
11_5_jpg.rf.28d290056b860a0de3de678b18e9325d.jpg,640,750,happy,151,178,527,659
55_22_jpg.rf.e57cbc0f304f8b09449548179de9e083.jpg,640,750,sad,19,121,458,665
101_16_jpg.rf.faa9e6fd265df15fc050691dd169d85f.jpg,640,750,neutral,106,161,576,677
76_8_jpg.rf.c1c003f8a253121fc96099061a793755.jpg,640,750,happy,139,177,534,657
8_5_jpg.rf.b01f6ed31aff45a6887c99f71f171dbd.jpg,640,750,sad,117,184,571,689
2_4_jpg.rf.c41bf10a2e0b93f51b56b034c95281e9.jpg,640,750,happy,135,197,520,627
77_26_jpg.rf.30e524c325fc3e961368d2178804f00d.jpg,640,750,neutral,127,178,523,636
103_12_jpg.rf.fa50e11a420df72ffd04f0a603f5f5f3.jpg,640,750,sad,48,54,582,664
76_7_jpg.rf.9605db5e27d9ddeccd6ee17d1c773da9.jpg,640,750,happy,103,209,439,625
103_2_jpg.rf.238dc602c07a374a959349f1a44fcbc0.jpg,640,750,happy,57,186,497,663
36_7_jpg.rf.facb1a0bf434fd6327e68ab0fea31a3b.jpg,640,750,sad,142,218,500,618
17_21_jpg.rf.e492a02f66a7b2002c60eca65816357f.jpg,640,750,happy,90,211,444,666
78_16_jpg.rf.5eee3dbac5d1ed4a006011320a2561d5.jpg,640,750,happy,131,200,526,642
135_2_jpg.rf.a708599f63b896122230a6d7c70e4ad5.jpg,640,750,sad,161,178,563,655
81_15_jpg.rf.a6bdee50d60926f0e28660363f8a9a32.jpg,640,750,sad,72,143,543,686
25_9_jpg.rf.a5781ce46d7e8686e4aba4f51073c152.jpg,640,750,happy,78,227,465,733
41_13_jpg.rf.94cd4a534aff8738bdc6b7632e5ecc16.jpg,640,750,neutral,151,210,531,637
93_4_jpg.rf.52ac5a92c57751852298d608eba03427.jpg,640,750,happy,89,204,516,720
49_30_jpg.rf.41534ae0161f0f45bd0e251e5fa1f390.jpg,640,750,neutral,59,82,631,695
32_20_jpg.rf.fa1aeb7d41c1763ae03010119e315ce8.jpg,640,750,sad,37,145,512,696
13_22_jpg.rf.a34034efa3a775312aafd835d828d5b8.jpg,640,750,sad,185,235,546,672
46_15_jpg.rf.bf55e8525ab6f0e7a899ba9e037d5b3c.jpg,640,750,sad,75,129,581,684
62_27_jpg.rf.27c7ea3ba2d185ee9399062d51501ef7.jpg,640,750,happy,163,230,545,665
131_9_jpg.rf.c595a65811b3d384ae39e2b9df21b30d.jpg,640,750,neutral,25,0,640,640
59_16_jpg.rf.f2f42bc26e55f15aae9fcf777942b8cc.jpg,640,750,sad,85,202,439,650
112_25_jpg.rf.b7951784b3e744462a3d80762f3aa9f4.jpg,640,750,neutral,49,197,514,699
77_5_jpg.rf.c243d0044ca5e177fba4acb64eec59fc.jpg,640,750,neutral,74,120,581,667
37_23_jpg.rf.99543d4e9aff83a1e979c5cae4b29cde.jpg,640,750,happy,142,128,589,663
62_9_jpg.rf.74f0c95fa0c0f938174ad990b7b2dac6.jpg,640,750,sad,63,147,538,673
59_14_jpg.rf.12154c76cf7a07c704185256519492b9.jpg,640,750,sad,85,154,576,699
0_22_jpg.rf.16193896ab6d88f43e8c522a111c2f47.jpg,640,750,sad,107,172,574,675
2_14_jpg.rf.f23a66b0527f17da362ad4e8372844c0.jpg,640,750,happy,70,179,497,647
109_16_jpg.rf.1d856271ce6857c12b2e412fc5d9016f.jpg,640,750,neutral,114,150,601,691
1_23_jpg.rf.22edcb37d01971b349fa289ddec7935a.jpg,640,750,sad,135,121,576,685
64_13_jpg.rf.87072e178fc571dab9388691741702e9.jpg,640,750,happy,45,198,509,707
101_34_jpg.rf.c5c087ab8062a6c82e9e31f06e8c258d.jpg,640,750,happy,62,189,512,717
16_27_jpg.rf.544a41f1f1ce777e11bad348915194b6.jpg,640,750,neutral,0,40,639,687
17_11_jpg.rf.6df2d5a4023a077ff6b8b0814882c404.jpg,640,750,neutral,137,179,605,670
85_34_jpg.rf.0bf688b57a12481ad5036cc843203c8e.jpg,640,750,sad,157,193,617,716
69_31_jpg.rf.61fc9dec70b72209b296c5c2ce678982.jpg,640,750,sad,125,191,570,690
67_5_jpg.rf.ffcdd1b789101f1af2f96e2d87b1b619.jpg,640,750,happy,119,137,601,723
36_6_jpg.rf.0f0770bb49e31a980b3f01771219be48.jpg,640,750,happy,36,196,462,668
116_15_jpg.rf.9aa3f53c7f42cbb891f6a96168e27ff0.jpg,640,750,neutral,83,199,418,660
98_10_jpg.rf.d79c4e7fa5ae12df28f504caf81356f5.jpg,640,750,sad,121,205,589,727
85_16_jpg.rf.a377472ff0969cda6a71bdebc6e51c76.jpg,640,750,happy,81,151,580,705
119_31_jpg.rf.464a5d7ba60a1ac563c27195337c9a3c.jpg,640,750,happy,62,183,464,653
99_13_jpg.rf.311e6b26ea79c485f6647370ba0b8c4e.jpg,640,750,happy,0,0,610,736
14_6_jpg.rf.379f55e27ccce027629b6b33f2a337e3.jpg,640,750,happy,58,212,448,687
65_14_jpg.rf.6326337976fc8d252e90198976668343.jpg,640,750,happy,18,160,507,671
36_14_jpg.rf.09291e37d8093956bd8a3fc7c22dde18.jpg,640,750,sad,198,224,561,632
76_7_jpg.rf.49ef78575f9ee9a45c9e0491ef1b088d.jpg,640,750,happy,60,153,512,677
122_30_jpg.rf.263b2d274064b52cd0829f4c3069c058.jpg,640,750,neutral,118,177,518,680
8_23_jpg.rf.e1e4d48135c646554e4995474b2f8d92.jpg,640,750,sad,137,186,578,689
26_6_jpg.rf.b8915983291c0093bd9036991eeebbfc.jpg,640,750,neutral,66,52,640,702
54_23_jpg.rf.5cac0d15c73d53e45ac46f8b25771efb.jpg,640,750,neutral,57,153,553,717
62_9_jpg.rf.d1dddf0a518e209b96a6a52be36ecd4b.jpg,640,750,sad,141,216,597,728
26_30_jpg.rf.e121c02d30bdb3794affe12a2e8306a3.jpg,640,750,happy,119,172,602,735
1_1_jpg.rf.eba5a65db8794faf379a6bdc4f941ab1.jpg,640,750,neutral,101,181,532,650
124_6_jpg.rf.b97cbf824e538532d864e3ee864d332b.jpg,640,750,happy,148,195,583,664
58_29_jpg.rf.f2308dd365cd9423ec532142c603a47e.jpg,640,750,happy,138,200,517,642
24_13_jpg.rf.7a1424212900f22ca480767726a99c36.jpg,640,750,happy,77,197,497,685
121_13_jpg.rf.a3857069188bef7713f324fd970fcd36.jpg,640,750,neutral,87,215,522,716
119_15_jpg.rf.0b325c6dbad811e5f333fed3f8db8e24.jpg,640,750,neutral,102,212,425,649
84_3_jpg.rf.25bd0333c968a2678b44d267a5b7db6b.jpg,640,750,happy,193,181,561,641
126_16_jpg.rf.e94fc60808c6e62d57ecc95328481953.jpg,640,750,happy,131,144,557,673
58_29_jpg.rf.99e53b0176c9cfe82eb88cca1e007bae.jpg,640,750,happy,82,150,548,673
12_15_jpg.rf.85c3925fe227ec94dacb4f49a2a393d3.jpg,640,750,sad,67,115,529,659
1_32_jpg.rf.619f7ce2db8a8d69aa4b01e5deb9c269.jpg,640,750,happy,103,186,455,682
136_9_jpg.rf.110b9ae595035717693720db8645b02d.jpg,640,750,neutral,61,111,548,674
58_29_jpg.rf.56a765d0bb8ff6225d53eb71e739cf65.jpg,640,750,happy,118,198,509,651
103_20_jpg.rf.9492a4db51917ca1ed960deac622c756.jpg,640,750,neutral,49,143,566,712
126_16_jpg.rf.46d1a8d69d2df68a28c7f4317ff5ee73.jpg,640,750,happy,100,173,489,664
77_20_jpg.rf.d4613f33f2a7e7fee5bdeb305df11306.jpg,640,750,sad,117,184,531,652
23_5_jpg.rf.cc760d0d0aa5dbd804d6253c6f22515c.jpg,640,750,happy,74,200,455,670
99_32_jpg.rf.d489b0ea284f5c30e45c17c5539cb085.jpg,640,750,happy,92,18,629,683
70_34_jpg.rf.e7d971f3815394af6928a8d624222d97.jpg,640,750,sad,162,165,563,664
106_14_jpg.rf.d203c5f405eb4181879fc7462673f015.jpg,640,750,happy,78,173,533,672
31_14_jpg.rf.8155c02947664c563c85265f9f1a309a.jpg,640,750,neutral,100,131,621,664
55_9_jpg.rf.f5018d5797d9dddf75092bd5946e8e83.jpg,640,750,neutral,104,170,547,656
99_13_jpg.rf.799f7f179f5fcc054cabf4bff4dfc4e0.jpg,640,750,happy,18,12,551,679
6_23_jpg.rf.98fdd6a0c4bda622fa8f42cade7af1f1.jpg,640,750,happy,142,123,602,642
77_26_jpg.rf.fd065e6e17c68ad23c3f16c795dbad46.jpg,640,750,neutral,49,91,569,665
123_25_jpg.rf.112ed5a44f66c3d9840d7b4377e37165.jpg,640,750,sad,88,166,477,672
13_22_jpg.rf.a3f6199427c5386789d995c48fbedcfe.jpg,640,750,sad,41,216,475,717
59_16_jpg.rf.83373fd4ec80b469a992bd18fd5279f2.jpg,640,750,sad,161,142,574,649
128_25_jpg.rf.02f30020f50bd2609a81d48d9aa3bf5b.jpg,640,750,neutral,62,186,509,684
39_24_jpg.rf.9530ddc070033c4e7ca4fb108d28e6a2.jpg,640,750,happy,172,185,593,728
55_9_jpg.rf.5076ae36eb151e652fbc681fefac2935.jpg,640,750,neutral,51,133,584,700
99_32_jpg.rf.771327685ce731551b20f1adf64b68d8.jpg,640,750,happy,32,0,640,735
93_21_jpg.rf.c2d275eee1e8b9eece76cc51df15b84a.jpg,640,750,happy,243,173,593,672
129_14_jpg.rf.7d6556eeb9ed180b663d418518902dfa.jpg,640,750,happy,19,160,469,686
28_12_jpg.rf.6bfc2d3649d4a4beeda39e7996b5f44a.jpg,640,750,sad,76,136,539,640
1_32_jpg.rf.1966c9f51c8c05ac1da380802afd670e.jpg,640,750,happy,166,174,558,702
63_7_jpg.rf.2872749f6dd9e03e017fac4871b47deb.jpg,640,750,happy,138,165,596,696
24_16_jpg.rf.142c15dad22b63cf29d5e7fb55e71c93.jpg,640,750,sad,152,239,498,609
112_1_jpg.rf.e7f3bcff39fdd3703b7edc801aaa4183.jpg,640,750,happy,79,202,456,650
2_4_jpg.rf.075b7e26a2b34fc4a1f79648d110005f.jpg,640,750,happy,103,184,521,644
113_26_jpg.rf.ba0fe86aa692840cb25fa4cd0427b9d9.jpg,640,750,neutral,129,198,495,643
110_34_jpg.rf.3efe08d23ef689da94fac41184e17694.jpg,640,750,sad,125,152,610,721
93_8_jpg.rf.9743e7a9b9ebb530df7c617b10004530.jpg,640,750,neutral,222,235,532,621
111_12_jpg.rf.8d34c9e56114aa4ba65003f0ec7eea28.jpg,640,750,happy,199,215,569,643
24_13_jpg.rf.2ba1364dd01669f1797896a4a0c8b9a5.jpg,640,750,happy,194,209,545,636
16_27_jpg.rf.06ff041efbbd189379f318bdfac07f2b.jpg,640,750,neutral,62,108,621,651
35_11_jpg.rf.5b7992aecc9d2fb16a72ec40995488b6.jpg,640,750,sad,126,208,514,680
5_34_jpg.rf.d1118632204032e5065d7351c91e7ef0.jpg,640,750,happy,73,246,504,686
23_5_jpg.rf.aad4dcb113ee528c591afe7b63b22e76.jpg,640,750,happy,101,212,442,647
35_11_jpg.rf.017c5b85411d68cc70b3653722ad4d26.jpg,640,750,sad,139,195,541,674
26_6_jpg.rf.4daa202c3f5eeaca9f208381a764d456.jpg,640,750,neutral,109,124,546,645
103_2_jpg.rf.ac0f2a8effe1d90cb21fb0583e44333e.jpg,640,750,happy,152,200,566,653
27_34_jpg.rf.9a0be41e0b199160f920f4e9e9af7235.jpg,640,750,sad,66,196,476,664
34_3_jpg.rf.60be89c71a08ee091b57ea4bc00cd166.jpg,640,750,sad,196,213,549,632
5_15_jpg.rf.1016202235b82a55035ee986338bb85e.jpg,640,750,sad,137,272,505,630
77_33_jpg.rf.b7ca4c96eb8786e6f9f7ae12d6a2ba77.jpg,640,750,sad,44,147,504,669
111_12_jpg.rf.2a94ef6482e10c0ec933a3d70e0b2774.jpg,640,750,happy,205,234,559,644
105_10_jpg.rf.6918a72e3c5eefa19226aaec0e30744a.jpg,640,750,happy,165,189,549,650
136_9_jpg.rf.4f3143bfd078d77cbc7fc474ec7c3266.jpg,640,750,neutral,125,182,495,642
103_2_jpg.rf.7c48a22368488e29dff76da52aff4056.jpg,640,750,happy,41,173,500,670
138_29_jpg.rf.b089012d86f304d6dace41cf01da923c.jpg,640,750,neutral,177,205,568,666
83_29_jpg.rf.47431ab5f9f8d96eda6f5785f65e96cf.jpg,640,750,sad,199,254,537,623
8_5_jpg.rf.15f5b91797c551730e59a94209e3bff3.jpg,640,750,sad,183,220,537,644
21_20_jpg.rf.8dfb648aab8c76dfd3af76fbc82477ed.jpg,640,750,sad,105,197,460,645
137_25_jpg.rf.90ae8d2718a1a85d7585666970dd2943.jpg,640,750,happy,126,210,527,636
36_14_jpg.rf.2f6a4a76e00482d1d1d7dfdaf6e486bc.jpg,640,750,sad,211,229,552,618
76_7_jpg.rf.d183221a4953f92f4946323071b5026e.jpg,640,750,happy,102,207,442,627
9_10_jpg.rf.ec5e92a0d8d23714991fc2e2a54168b3.jpg,640,750,neutral,160,164,597,653
93_21_jpg.rf.91bb110d66e1573897637755a736c38a.jpg,640,750,happy,103,243,374,664
100_30_jpg.rf.abbdd893f9a067ae0736b91774d646ca.jpg,640,750,neutral,140,186,531,649
6_3_jpg.rf.9d7a2757a9f5a64f7fc1cc99935654d5.jpg,640,750,happy,60,165,509,644
51_30_jpg.rf.b49acb292dca01b18c0aa9acc7fd75ef.jpg,640,750,happy,196,261,552,646
62_9_jpg.rf.11165382d758df98c87dda0e24dc784c.jpg,640,750,sad,141,223,511,650
59_16_jpg.rf.09903e6b57383c5dba3850470064d4c5.jpg,640,750,sad,108,208,436,631
78_16_jpg.rf.29296ccd2e7f28ccf68476922ef46542.jpg,640,750,happy,106,187,522,651
13_22_jpg.rf.5c80a093ad316cbfeada2de2cb2f0eb9.jpg,640,750,sad,200,240,529,649
77_33_jpg.rf.717bb23ab1c8b02b84221da153bfb0ec.jpg,640,750,sad,99,189,470,638
113_26_jpg.rf.7e03e3493cfe7f8b1ba76d5b1760be2d.jpg,640,750,neutral,113,175,538,679
34_3_jpg.rf.e1a4590d3fdcbf4c90add3c8232b315d.jpg,640,750,sad,209,232,541,630
20_32_jpg.rf.62e8621a36d366a72007605997bdf8d8.jpg,640,750,happy,149,196,564,684
23_9_jpg.rf.c5f5ba3fe88954615c050c1fd40eafdb.jpg,640,750,sad,149,224,489,614
36_7_jpg.rf.89401f121171ecc3964633020ecbde2c.jpg,640,750,sad,85,177,527,659
24_6_jpg.rf.9b003248384e0a565087d9b3bc79b5df.jpg,640,750,neutral,93,104,565,677
46_15_jpg.rf.1c7681e44a659073e11859ae36dc8926.jpg,640,750,sad,118,170,529,644
74_3_jpg.rf.d812ad173121ccd1b0a09aa3ddfd9966.jpg,640,750,sad,149,203,584,669
138_29_jpg.rf.4780a2a3c8b8b4218d4740c0d2c0fee2.jpg,640,750,neutral,181,205,540,631
109_9_jpg.rf.5d6eb6f2faac7e3b52281b2c32fb7014.jpg,640,750,sad,187,224,537,661
54_23_jpg.rf.8cf47d8c829e2ece4ffab0eb3ddbe63d.jpg,640,750,neutral,132,195,500,651
61_21_jpg.rf.1f3f1fabf76ab6756a85f3f0a506cdfe.jpg,640,750,happy,83,122,571,729
35_11_jpg.rf.0df309046b29ff5ad654505340b339c5.jpg,640,750,sad,154,218,502,650
98_12_jpg.rf.305a3611881f293fd9e1f411b859e5f1.jpg,640,750,neutral,97,209,468,641
109_16_jpg.rf.9d42e1f697785bc9d1621e9aa81a5471.jpg,640,750,neutral,137,217,494,642
104_6_jpg.rf.14d5fc533d8599cc3a1a347400f33f9a.jpg,640,750,sad,85,267,486,675
93_21_jpg.rf.9a8721e688e0a815aa7c2abccbfec9e6.jpg,640,750,happy,63,213,422,701
17_7_jpg.rf.f2e2fdaffeabab09f8c566b200e47432.jpg,640,750,happy,73,224,490,699
48_25_jpg.rf.3a615a79876cf71a8fd67f878ed7cf23.jpg,640,750,sad,185,214,640,722
12_15_jpg.rf.b28a57778687fd5ea3a2bb96f30376c1.jpg,640,750,sad,148,181,531,644
11_5_jpg.rf.abb5714701a12d1703560cafd048097e.jpg,640,750,happy,63,148,515,691
41_13_jpg.rf.e82c1d1cf6f32a53296039b8fb1f0853.jpg,640,750,neutral,146,221,587,711
23_9_jpg.rf.f4daf8cd8ab13889fbc06550a03e9d4e.jpg,640,750,sad,124,195,562,676
113_26_jpg.rf.9fbb549e246d6b42d3f519f8f0124004.jpg,640,750,neutral,78,146,566,691
5_8_jpg.rf.17b2d01e44d93260ac86bc22a592e0af.jpg,640,750,neutral,186,239,542,642
55_6_jpg.rf.8bf8e17c3c8ccaa68e50e9bbe0bc8b54.jpg,640,750,happy,118,181,556,656
25_9_jpg.rf.c66f5881fbc6fea1bdb1244501178823.jpg,640,750,happy,53,169,475,685
0_22_jpg.rf.d680d7ac671e0f27f54109f0d0b1ea08.jpg,640,750,sad,140,216,508,634
103_12_jpg.rf.ae54feb2e49c523d7eaceda53a5e1970.jpg,640,750,sad,85,88,562,644
120_6_jpg.rf.39de76422f77d2c687a45bd4ab98dcf5.jpg,640,750,happy,132,221,509,627
5_34_jpg.rf.d3ba735cdbf96d9a14b3c6cb92b16e2f.jpg,640,750,happy,85,279,449,653
62_2_jpg.rf.901ec71359e484d8d20c29f3e87269e1.jpg,640,750,sad,167,206,557,656
111_12_jpg.rf.4ca9a195b6d5efcf78faed7bb3b05959.jpg,640,750,happy,178,186,624,681
3_11_jpg.rf.28c248f26ebbe0a21fcb103c8a432195.jpg,640,750,happy,32,131,557,740
104_6_jpg.rf.03cc2d6439349879b5f50c83cc408a13.jpg,640,750,sad,204,286,543,633
17_21_jpg.rf.3dcdab3b2c2d2fd701f171cde278a8f3.jpg,640,750,happy,157,154,617,695
122_16_jpg.rf.ba875a423b2917f89b9915a0007a6349.jpg,640,750,happy,119,179,510,654
67_17_jpg.rf.3382149204a29c8a0e643df4f524cf1b.jpg,640,750,sad,143,199,508,636
66_3_jpg.rf.a8844ead5cf97b4e29a6eb515b312eb3.jpg,640,750,sad,105,198,524,640
93_8_jpg.rf.e101b791f26f89a27cc1a33c6fda5950.jpg,640,750,neutral,69,187,505,684
66_10_jpg.rf.c8d98758e2b03890f8030de6d00d0238.jpg,640,750,happy,42,125,522,669
23_34_jpg.rf.d8fde216e45ba2f0b989210f11329a58.jpg,640,750,neutral,86,100,613,643
86_20_jpg.rf.73fffc42c9145a192573c2626de0a1f6.jpg,640,750,happy,0,3,619,702
52_23_jpg.rf.1fb997ad1ba13f7b7bcd4f67aafdb748.jpg,640,750,sad,136,234,504,635
21_20_jpg.rf.3a236ba5701496310fe7f99f3b0413df.jpg,640,750,sad,119,160,591,706
68_6_jpg.rf.1a00a4141c514acc1da43ceb47355b40.jpg,640,750,sad,71,206,518,699
118_9_jpg.rf.93e87c863ec5b5abee9543cf13a66289.jpg,640,750,sad,123,238,523,644
69_31_jpg.rf.c6e9815660226ff85e0b1bc2abd84b15.jpg,640,750,sad,143,201,555,668
117_23_jpg.rf.ca8789d8b2dfab506069151ef4aeb8e2.jpg,640,750,neutral,97,125,519,643
98_12_jpg.rf.486102a4f3f7447f83f3a7a53ed9fdf7.jpg,640,750,neutral,187,222,536,633
77_33_jpg.rf.bc31cdfd2714063cfac94edbaeda19b1.jpg,640,750,sad,68,170,517,701
54_24_jpg.rf.bfaaeabed12383bf22ed625ac347a4b7.jpg,640,750,neutral,0,58,570,670
83_1_jpg.rf.06e048b28a1da6468ba300c6f9d32e79.jpg,640,750,happy,169,236,544,649
118_9_jpg.rf.d6705c1ece3f6103782ee4186b9dad93.jpg,640,750,sad,56,211,533,692
87_6_jpg.rf.94ccc3be25d174b693f897226e4d83e4.jpg,640,750,happy,56,40,640,692
135_34_jpg.rf.004c0799c8721566d81d3503dceb20b4.jpg,640,750,happy,116,150,597,695
68_29_jpg.rf.7fe1411779c23307fb0d164562212609.jpg,640,750,sad,77,169,554,676
120_6_jpg.rf.143a9d490ba989860b4cdaffbe738ffa.jpg,640,750,happy,101,178,568,667
119_15_jpg.rf.286bef58c509d45d178d15f5b0b48828.jpg,640,750,neutral,154,193,581,729
84_31_jpg.rf.22718780ee19a52c3080d9424db57817.jpg,640,750,sad,82,142,466,634
61_32_jpg.rf.49a7a00fb6ff70077dc9526f613163a0.jpg,640,750,neutral,80,102,596,692
51_16_jpg.rf.25ca96cdca00398763cf80d2c119c0b2.jpg,640,750,sad,69,262,481,677
52_32_jpg.rf.3a54beb352b137c849bae3677e95275c.jpg,640,750,happy,111,170,559,680
93_27_jpg.rf.b13b80a48eab7ff37b36800a208492a7.jpg,640,750,sad,73,218,444,657
42_26_jpg.rf.134a2e058d83b4e54270bd4fa7e345d8.jpg,640,750,sad,181,183,553,636
132_33_jpg.rf.22b7e815d9cc461de6764f976067280c.jpg,640,750,sad,142,184,548,665
82_8_jpg.rf.5a885b416fd08b10e8ad6043f1176e35.jpg,640,750,happy,58,151,520,697
88_17_jpg.rf.a1956914d1cd85c6f9527f4e524acba7.jpg,640,750,happy,50,17,623,686
55_14_jpg.rf.0cf1110487491ab42a0ac44fabc7ee17.jpg,640,750,sad,54,178,514,690
18_7_jpg.rf.0d560c21d2228727843682e2508e5786.jpg,640,750,neutral,95,133,567,671
119_16_jpg.rf.9edce70497cdf81d5197f40ec1b428d2.jpg,640,750,happy,80,156,611,708
110_1_jpg.rf.a12fb24c0de870978a9bc1f81eb82a56.jpg,640,750,happy,27,119,550,702
98_34_jpg.rf.108df05bf647ce1e030245b7307add59.jpg,640,750,neutral,91,166,604,665
74_0_jpg.rf.6271fbcb8fe65dfebfeb36a0de83e60f.jpg,640,750,happy,25,139,510,682
47_25_jpg.rf.8a7608905b6a17eb4af339605ecbb1b0.jpg,640,750,sad,20,173,507,696
54_27_jpg.rf.059cd8e1a00df179a41c5631bc07fdfc.jpg,640,750,happy,155,158,579,656
72_9_jpg.rf.3a3c9d6c44db94ea8edbf303face4643.jpg,640,750,neutral,74,112,566,639
29_24_jpg.rf.2f87bfe08ab4d35d56e55b3b049e1f76.jpg,640,750,happy,163,188,502,653
90_1_jpg.rf.898348207dffea11b052ca730932459b.jpg,640,750,neutral,0,42,616,723
24_2_jpg.rf.79b7af052342dde31a069436aec159aa.jpg,640,750,neutral,57,80,640,712
20_25_jpg.rf.f808e67fbca37f0845e3d61b4d0e849e.jpg,640,750,sad,61,145,511,647
29_19_jpg.rf.c21961e1cb258cec8763a772ebac94f7.jpg,640,750,sad,149,182,548,661
103_29_jpg.rf.2e2404e71261d149e8add285a5aeda7f.jpg,640,750,happy,116,185,549,685
24_24_jpg.rf.c0753759ed9670a60243f57521443b27.jpg,640,750,happy,69,136,550,659
107_30_jpg.rf.c21ec91e69071907bcbb3463eb5c6a3e.jpg,640,750,neutral,66,149,562,686
7_24_jpg.rf.046a170f74812beebf2bba07143c184b.jpg,640,750,neutral,0,38,628,725
68_27_jpg.rf.b54e3b5a3690337accf56ac0226983c4.jpg,640,750,neutral,135,212,519,643
91_18_jpg.rf.7802cf04472d310be5baf8fc52c02fda.jpg,640,750,neutral,0,13,640,747
5_6_jpg.rf.3b88fc71b162fd1f634ed7be18961b84.jpg,640,750,happy,101,292,570,750
88_15_jpg.rf.e163b2a475793845da224566c8d0298b.jpg,640,750,happy,114,126,605,687
51_21_jpg.rf.c7f99dd0fcb28332b6c736781fca19cd.jpg,640,750,sad,171,261,555,678
24_24_jpg.rf.d8f2bdc84102e4642dc64c9eb75d44d0.jpg,640,750,happy,56,158,535,671
52_33_jpg.rf.84d1dd1cc1dafd9dbb3c564e0bde51dd.jpg,640,750,neutral,22,100,586,693
74_15_jpg.rf.09ba336a980d148fb9bd57c5cf82b991.jpg,640,750,neutral,109,94,621,651
34_34_jpg.rf.00f102853bc764ddc6ceffc7f16915eb.jpg,640,750,sad,70,200,472,674
5_27_jpg.rf.61aa3b219bb74fe8d8cd8daffb7f2e53.jpg,640,750,neutral,26,177,465,650
25_0_jpg.rf.8ed85c32a0075f0ed2c7931fe3a5f70e.jpg,640,750,neutral,0,36,607,689
0_24_jpg.rf.86f24825f8c7728bde5ac294e0df946f.jpg,640,750,happy,52,104,606,685
9_18_jpg.rf.4c59f0d649d737e0ef9090bcf35b7683.jpg,640,750,sad,188,219,564,662
29_24_jpg.rf.42aa58c2eed2b5bd628c5b92582d7c4b.jpg,640,750,happy,120,141,570,685
126_28_jpg.rf.d184da26e8b1fbf86d3ae9092cbf0d44.jpg,640,750,sad,112,181,616,742
10_13_jpg.rf.9be84c9b1bf3f1a3c8ec0ac3c8b879e9.jpg,640,750,happy,115,227,562,661
120_10_jpg.rf.5343d4e473d9083228b6ae82f7b69a9b.jpg,640,750,sad,40,126,525,646
45_33_jpg.rf.94e4620ee4c5fd74cf05ab2af95be840.jpg,640,750,neutral,53,215,480,681
5_1_jpg.rf.eb807eab8488cabe89520a5e718ee29a.jpg,640,750,sad,191,255,622,692
137_9_jpg.rf.0d5f7f8a6ec6bb93a94fbf24c71bd701.jpg,640,750,sad,141,213,594,697
38_25_jpg.rf.4065c583298d79032b56994c3f0a060d.jpg,640,750,neutral,95,90,624,639
59_32_jpg.rf.169c1e13de3b65a6747e6d275f51856f.jpg,640,750,neutral,46,137,547,691
116_20_jpg.rf.d6820290cac3890373488ed88336b4a0.jpg,640,750,neutral,112,189,518,650
8_15_jpg.rf.7413a608c7dc8e75341a87d6d3f6d5d0.jpg,640,750,sad,98,182,509,654
86_2_jpg.rf.41efc63a0e04393ae59fdb60acc2c2d0.jpg,640,750,happy,12,50,640,740
111_22_jpg.rf.6ee981a117c9702cfac46fa9a7476db7.jpg,640,750,sad,88,254,431,663
48_8_jpg.rf.877ae89991fce477e6fd0f2cfa2aaef9.jpg,640,750,neutral,128,204,560,686
96_34_jpg.rf.a81171cf1866aad7c5a5a4fbbc04b096.jpg,640,750,neutral,108,197,497,627
20_11_jpg.rf.a2062fb526e0919b95df022c1fb2e1d8.jpg,640,750,happy,95,169,526,664
73_25_jpg.rf.5efa56167346c174c7d5c283a319d9e4.jpg,640,750,happy,77,208,513,706
23_28_jpg.rf.1c25951dad1a66e3681b62783acf3023.jpg,640,750,sad,80,209,475,658
116_31_jpg.rf.14c0a3ae03372c55f7a4a27de9eb363d.jpg,640,750,happy,114,165,543,656
45_33_jpg.rf.dc6b3de20cd3d722da5f299335246d66.jpg,640,750,neutral,156,222,611,718
120_29_jpg.rf.238fd7bce5345b5ebd6dfca6edf674dd.jpg,640,750,happy,130,178,604,702
107_0_jpg.rf.527eba143f3c4aafedb0a1ab1e4bafcb.jpg,640,750,sad,102,176,584,686
21_15_jpg.rf.5c390479f4ac443be027f6a9f98cd852.jpg,640,750,sad,2,146,488,702
102_27_jpg.rf.2cf60cc72934ab6f43f10dfebf3d4691.jpg,640,750,sad,50,158,532,688
37_33_jpg.rf.4473979411f013c841ab9c65f98992a8.jpg,640,750,neutral,47,68,640,714
127_1_jpg.rf.381f7e011e03ab599f0423727b6db831.jpg,640,750,sad,128,143,547,628
27_29_jpg.rf.13e316ece8b59ff20d13251a7d09dd17.jpg,640,750,sad,141,191,575,676
52_6_jpg.rf.e17dac314925e16ae35b1b022c96d215.jpg,640,750,happy,131,196,570,672
90_13_jpg.rf.afffbe0f490a96fcebf58d11ebd0e9c8.jpg,640,750,sad,7,164,433,692
34_21_jpg.rf.0c94902f5c3743c08652324cec4979d8.jpg,640,750,neutral,139,209,506,659
3_15_jpg.rf.733e01c6768377dd464a2cb7adb32f27.jpg,640,750,neutral,55,159,503,687
126_28_jpg.rf.b0f7b04a6d5ccc089ec506587615e986.jpg,640,750,sad,50,153,522,678
29_14_jpg.rf.c35291cdccb68aa8e5321bd4f07e73c2.jpg,640,750,sad,7,146,471,688
34_18_jpg.rf.ec6a53dad92dc58f0f4fcccde871b081.jpg,640,750,neutral,0,32,601,659
29_14_jpg.rf.0f657338aadd6073d88d2db2b9c82ed9.jpg,640,750,sad,74,193,431,649
118_17_jpg.rf.f022ba619de471fe7184367641f1a254.jpg,640,750,neutral,66,224,444,716
107_0_jpg.rf.ec4006d9e5f421147f1b9cc0dac142ab.jpg,640,750,sad,132,154,607,655
53_10_jpg.rf.0593595fcabb83d315a9f1640fa9f731.jpg,640,750,happy,115,165,532,671
57_8_jpg.rf.9f3e753d1bd6db5878bed7ae98fd53b8.jpg,640,750,neutral,109,156,573,685
128_34_jpg.rf.733baaa1d4a2a7e28c47e1535a9dd556.jpg,640,750,sad,109,179,556,669
31_29_jpg.rf.7af9ba062d36c4f0ee507bcada9a3811.jpg,640,750,sad,58,196,482,707
100_0_jpg.rf.0841c755f1df763c803e07c775332421.jpg,640,750,neutral,37,169,521,713
3_20_jpg.rf.e7f77a60f1ee62053286bbd6ce0fca63.jpg,640,750,sad,53,143,620,737
76_12_jpg.rf.ecc64ab64bb4f6049c710322e05cdc8d.jpg,640,750,neutral,186,208,593,682
15_13_jpg.rf.a53200407c709d7fb5975c4e55ec3311.jpg,640,750,neutral,0,55,624,690
131_0_jpg.rf.311a07e2b55b255d78611127bc17e18f.jpg,640,750,sad,59,245,417,658
135_10_jpg.rf.a86419d54f8d0c37607e1c0267eaf63c.jpg,640,750,happy,79,139,542,681
48_8_jpg.rf.13e64d1d22c343b03d2db2bccacd0ce4.jpg,640,750,neutral,93,196,536,685
39_7_jpg.rf.9821670b9c5a7ecc064edad4cb36bef8.jpg,640,750,neutral,147,201,591,734
75_34_jpg.rf.cb2ed818485bb9ca321fb0d5a368f165.jpg,640,750,happy,135,207,609,725
38_25_jpg.rf.5e28a78df14429814abd8beb3cc34689.jpg,640,750,neutral,0,32,583,680
56_0_jpg.rf.09af229b06bb4b5b117075434df9d420.jpg,640,750,neutral,109,193,520,646
11_21_jpg.rf.e3c91dddd3eed6de543c3c6d8eab2004.jpg,640,750,happy,128,152,553,671
7_24_jpg.rf.565af613877ab19de33bc1ab104becb9.jpg,640,750,neutral,1,2,640,699
11_21_jpg.rf.a6498f6ed3887a0e0b30d70fb100a7a7.jpg,640,750,happy,165,192,553,673
108_30_jpg.rf.4b13ea093ea094eb0290a498240ea4f9.jpg,640,750,neutral,144,186,566,675
44_3_jpg.rf.bd6108938aeca375bd5ae0105331a070.jpg,640,750,happy,84,180,520,667
26_13_jpg.rf.037084dccb107ad859c5f742b2f36c38.jpg,640,750,happy,118,156,552,682
52_6_jpg.rf.53caf59540b59105aeba3a4f12857db3.jpg,640,750,happy,141,195,569,662
63_14_jpg.rf.0cc35facb9d594206c4da99697fce6ee.jpg,640,750,happy,130,152,558,698
75_9_jpg.rf.0f8ed80e23ae6689d84aa6ad36c9efb2.jpg,640,750,happy,118,168,599,695
16_34_jpg.rf.1003809c2ff9323ea6553998090e5436.jpg,640,750,sad,70,189,495,684
85_27_jpg.rf.ed13a0840a87064016b37571aa8c9e34.jpg,640,750,sad,121,207,549,690
29_14_jpg.rf.a574f55290b0a6961f86fe790753547d.jpg,640,750,sad,209,209,533,630
117_0_jpg.rf.a65dd735f9916fe3cc6dcd796e7c90a3.jpg,640,750,happy,106,150,597,698
57_8_jpg.rf.92fcd2833aac92193c38cf4a2f5f09c4.jpg,640,750,neutral,66,132,561,680
82_8_jpg.rf.219fcd87014df689b0fa4e07a38c14f1.jpg,640,750,happy,103,203,472,662
2_9_jpg.rf.1dbdaae0a7d3e39c8e0b41ecb4dc9712.jpg,640,750,sad,89,190,561,693
111_8_jpg.rf.bc55931f71ba021f65a0fce8ad1b0d07.jpg,640,750,sad,168,251,562,703
107_0_jpg.rf.1b533fc15cb577031b85250eb4271bf1.jpg,640,750,sad,167,209,546,622
108_30_jpg.rf.f301a8db4840dc015cd972eedf302a1e.jpg,640,750,neutral,179,200,573,679
134_17_jpg.rf.b28c6a3cecdb4c9eef942e9e623b86f7.jpg,640,750,neutral,64,0,640,683
100_33_jpg.rf.ce451cf701f104ea1e583fb06aff5e25.jpg,640,750,happy,40,117,562,720
130_14_jpg.rf.bcfe06d334310b48b93eba36959e4d6f.jpg,640,750,happy,166,165,559,668
68_27_jpg.rf.0942a885345e0567bbd897a4183cad3e.jpg,640,750,neutral,144,224,498,629
56_0_jpg.rf.2ee1f38c421d467ad655a5d4fb3e8711.jpg,640,750,neutral,134,233,534,683
118_17_jpg.rf.8201050feb57685f543e57db84946ee3.jpg,640,750,neutral,75,198,440,674
34_18_jpg.rf.011ad738f39bacbe414ecdfd7d18975f.jpg,640,750,neutral,30,135,546,632
15_13_jpg.rf.d386ac13dd4acc286947c660d2003671.jpg,640,750,neutral,0,33,640,725
118_17_jpg.rf.1c7553bcb3de0b646bdb1f2ac93936b5.jpg,640,750,neutral,96,212,425,649
112_9_jpg.rf.3265d171a941e9eca2fdb23452de6ab1.jpg,640,750,happy,14,192,479,700
111_27_jpg.rf.a1e026bbe49270fa1e276f6c273b95cd.jpg,640,750,happy,69,196,497,708
130_14_jpg.rf.b2c4bc7ff0983c75d19e0eba1d4ca127.jpg,640,750,happy,99,179,474,662
43_19_jpg.rf.0f44e4060adaab4e742619d6665ee59f.jpg,640,750,sad,118,116,550,674
34_18_jpg.rf.4b4bc2aabf12f6e2069b9c6284e02bfc.jpg,640,750,neutral,9,112,582,667
108_30_jpg.rf.dc375868b31a75e75bec6c0fc76e94d9.jpg,640,750,neutral,101,208,450,640
25_0_jpg.rf.36a174107898b9bf20fa9320be6f22e3.jpg,640,750,neutral,23,108,579,655
44_3_jpg.rf.ac52584d0f883f902617afa95764e751.jpg,640,750,happy,103,210,470,635
121_9_jpg.rf.3ee74ec9f3d0b8334212bf7e41257cf0.jpg,640,750,neutral,189,245,579,672
16_34_jpg.rf.7911f3c33e88ec57b62200c9c839d4c7.jpg,640,750,sad,103,211,437,639
110_1_jpg.rf.fe08fc3f6503b306c9160e9978dff5f0.jpg,640,750,happy,113,173,554,677
2_9_jpg.rf.7fb4e84455cddf2511a885ab33fa53ff.jpg,640,750,sad,118,185,564,658
73_24_jpg.rf.79ff7f9340d15abd881e993c275e5cd6.jpg,640,750,neutral,114,210,573,702
37_33_jpg.rf.3ba2d98ece94fa2cd51d0af1d0deafd2.jpg,640,750,neutral,15,34,640,743
75_9_jpg.rf.8735b9c4ea3f9dcbdc67da58928df1d0.jpg,640,750,happy,105,233,466,650
86_17_jpg.rf.c1216445630a329440bfb679bf23177b.jpg,640,750,happy,0,34,607,707
4_5_jpg.rf.dce1ac2a2f879d637c1014131b41b411.jpg,640,750,neutral,127,199,560,684
76_12_jpg.rf.232767ddb9a044ee94d3abef5bd34396.jpg,640,750,neutral,105,221,451,649
101_2_jpg.rf.577fb2b2e5bdddadde7cc67391a4152a.jpg,640,750,neutral,163,170,559,644
65_7_jpg.rf.2d87ce5cbf418099ff287342dc69745d.jpg,640,750,sad,131,197,610,700
11_21_jpg.rf.66f13ea40d33902e9d5fdd7b3db26337.jpg,640,750,happy,105,207,468,661
39_7_jpg.rf.6ed9feed15716f6ad6d990bec72f6826.jpg,640,750,neutral,91,212,440,659
57_8_jpg.rf.6f2e6ff5f0cb41108fdd426406a86c21.jpg,640,750,neutral,123,180,506,635
37_33_jpg.rf.95d288d38bc714ffe269ead482aed8fc.jpg,640,750,neutral,103,107,626,653
11_6_jpg.rf.c9b9307a97db4556b47ebda2756f7857.jpg,640,750,neutral,92,169,542,702
137_9_jpg.rf.25f581f212c95d08f98a8bcd08761da2.jpg,640,750,sad,93,228,469,639
5_1_jpg.rf.1eed377bd66f312e3c3db68e17b21e65.jpg,640,750,sad,189,276,542,636
26_13_jpg.rf.19614d5524d0e795003eb88fb1128de7.jpg,640,750,happy,159,202,498,636
127_1_jpg.rf.31ff69330e17eb8c8c84ce48141d3670.jpg,640,750,sad,157,218,491,618
120_10_jpg.rf.28e763252a8b4b337894fb9e278495fc.jpg,640,750,sad,179,217,542,621
99_6_jpg.rf.defb7840c66b5b69da7d198ca74b7bb7.jpg,640,750,neutral,99,167,575,710
120_29_jpg.rf.7fba49ac3f13e03fc65d3b2776453dbe.jpg,640,750,happy,104,196,485,633
56_0_jpg.rf.ad88159a21090455a27addbb856b8d1d.jpg,640,750,neutral,135,213,500,626
87_0_jpg.rf.3b838b1589fb903fff5bbf648af36f66.jpg,640,750,sad,29,192,497,721
88_17_jpg.rf.c0da5fdfc6796d4644fa31b3352d64d4.jpg,640,750,happy,50,37,636,703
30_20_jpg.rf.a597e8a19d9686aea673fa066b654d73.jpg,640,750,happy,21,187,510,750
26_27_jpg.rf.2d2dddbef2b4017bfbc21eb11d780f3b.jpg,640,750,sad,29,202,512,739
88_17_jpg.rf.e008c692deabcf7f38cfd9bc127dbfa0.jpg,640,750,happy,106,78,574,644
90_2_jpg.rf.4d20adfac659a37119361d20eec58ff2.jpg,640,750,happy,72,153,465,684
100_33_jpg.rf.8862ece90f3e3acf42e18be7dc3cbc74.jpg,640,750,happy,90,165,512,683
130_14_jpg.rf.30c85d3dd23b73289cb4471683c3738c.jpg,640,750,happy,104,181,468,656
74_15_jpg.rf.e20883e1a97e9c7a4a8bd711f729b956.jpg,640,750,neutral,142,203,508,624
99_6_jpg.rf.bb53b931db91a5add50c377ae826d194.jpg,640,750,neutral,73,160,579,730
51_10_jpg.rf.533ac693cef012fe91d6224d96d78379.jpg,640,750,happy,76,197,497,686
75_34_jpg.rf.4f702a4c099fedd73050f7e9f5240f2f.jpg,640,750,happy,71,251,487,722
132_33_jpg.rf.51d75a0b7b1033ca812f46c997e6278a.jpg,640,750,sad,107,205,458,635
42_26_jpg.rf.7dcd4d3a6596729887617c6f46b99792.jpg,640,750,sad,98,231,420,632
4_5_jpg.rf.cbf338f662e1b1fb4024e8d4ac157e17.jpg,640,750,neutral,98,209,464,628
117_0_jpg.rf.ac8841eb2a681c4d0d80fd11af4b49a6.jpg,640,750,happy,79,197,493,672
127_1_jpg.rf.a877f9872d29e4585b98a392ccbe43af.jpg,640,750,sad,72,165,522,671
82_8_jpg.rf.c2a214267205bae3a1da53be80fefa6e.jpg,640,750,happy,156,190,552,670
66_18_jpg.rf.a024cce0ae9de450b0f1be2e8136af92.jpg,640,750,sad,143,192,536,635
90_2_jpg.rf.d5ca6d700d772c5550171e1f42fde7e9.jpg,640,750,happy,156,125,594,684
105_14_jpg.rf.fb8135c7cecc65e4cd7aeb67ad9da722.jpg,640,750,neutral,111,176,532,668
30_20_jpg.rf.76dcba70da63d8a840a9efd8abb644d8.jpg,640,750,happy,149,179,562,673
2_9_jpg.rf.ec3fe416e782641b9394b96968efb641.jpg,640,750,sad,148,219,516,622
5_28_jpg.rf.db790241e95b837f66cd3738d8f92d8e.jpg,640,750,neutral,136,192,571,654
90_2_jpg.rf.a6daa03d33ea2c47f357400c9f9f149a.jpg,640,750,happy,89,181,440,666
112_9_jpg.rf.737158df9c7464dbd8417d2c4eb9f9a2.jpg,640,750,happy,199,213,580,642
3_15_jpg.rf.8e563eba8c7e0f6d3b864688a51c4540.jpg,640,750,neutral,102,189,466,640
51_10_jpg.rf.898125e912eac96a8df81f819b1643c6.jpg,640,750,happy,105,205,551,708
98_34_jpg.rf.78710397a3340351ae369ab17ea8a64e.jpg,640,750,neutral,46,136,587,663
24_24_jpg.rf.ab6e158ad028ab89344474b74fc71aa6.jpg,640,750,happy,140,200,526,632
73_24_jpg.rf.3afd5055fa09c7c1ce2778c8c1305e1c.jpg,640,750,neutral,116,213,564,696
68_27_jpg.rf.5a12fc6cd5df724dcfdcb8810e378489.jpg,640,750,neutral,81,185,527,669
75_9_jpg.rf.71749cb4bbf87d165dc25c491fa19b1c.jpg,640,750,happy,18,184,501,712
71_33_jpg.rf.850988e6186539d246053e8254a482ef.jpg,640,750,neutral,71,182,528,667
75_34_jpg.rf.fe244838e511d5cbd6cd88fa296ab487.jpg,640,750,happy,154,259,507,664
120_29_jpg.rf.a70091f946fe7a722f49db845f33910e.jpg,640,750,happy,74,175,512,666
86_2_jpg.rf.65a5a30937dd5fd223e990b887ebe6db.jpg,640,750,happy,87,84,640,689
3_15_jpg.rf.df6a4c9ad2ace24cdfa3bd59d6379089.jpg,640,750,neutral,59,113,516,653
73_24_jpg.rf.5ffe1ce478ec038833762ae037190dee.jpg,640,750,neutral,177,233,538,632
86_17_jpg.rf.f0a591ba57b77b6da03c42a58f2d7813.jpg,640,750,happy,0,56,589,685
29_13_jpg.rf.ce24a0b4932cd6330ac95d8a7ffa3d55.jpg,640,750,sad,192,182,593,656
85_27_jpg.rf.acb023084237eda8440384b725a89572.jpg,640,750,sad,74,206,502,685
86_2_jpg.rf.f597bffa49a50ab4fde2bff906f5497b.jpg,640,750,happy,26,116,539,662
100_0_jpg.rf.93f1bddb32c6edffbc3abeed823123c8.jpg,640,750,neutral,88,165,574,701
87_0_jpg.rf.76d31120feab2168915564baf860971f.jpg,640,750,sad,75,208,494,683
100_33_jpg.rf.6d312323af222eae1cffe755f4b8c1d7.jpg,640,750,happy,98,165,511,672
21_15_jpg.rf.3ca21dc14a525db962571f9baaaa8b89.jpg,640,750,sad,181,210,536,651
59_32_jpg.rf.f4614d3b23c33696a9b5a96bec8620a4.jpg,640,750,neutral,111,157,546,653
4_5_jpg.rf.37002da31582912a8e51910a61afff54.jpg,640,750,neutral,36,205,464,686
5_6_jpg.rf.bff6a34d5a0e279cbb33d1a92bcc667c.jpg,640,750,happy,131,267,560,687
105_14_jpg.rf.73cb069df2057fb5376a02be258d096c.jpg,640,750,neutral,121,180,539,672
16_34_jpg.rf.09b70bb7d86a76b3b8c334744d077fb7.jpg,640,750,sad,67,208,452,686
76_12_jpg.rf.f44642ad4d22854066c7fecb789dab15.jpg,640,750,neutral,218,214,534,606
26_26_jpg.rf.8a3c7ad2634be9569922cc03338ceca4.jpg,640,750,neutral,50,89,640,728
102_27_jpg.rf.5bf4e683205b47b3e6b7b51dabf5bfb0.jpg,640,750,sad,154,176,577,654
43_15_jpg.rf.62cbd47d0cfb5cfd17e1b2a99144aad1.jpg,640,750,neutral,95,171,499,700
43_19_jpg.rf.7386de5c2f92f962147b79d300254187.jpg,640,750,sad,69,80,559,692
34_34_jpg.rf.9ec07b7ad1f3efc706db6f2b3261b45c.jpg,640,750,sad,66,202,474,680
26_27_jpg.rf.11f23b6ae4a7d1ad70f47222f87a46ea.jpg,640,750,sad,51,189,449,663
26_26_jpg.rf.d0977c5e8c363e9b9e851b9bdaf263ea.jpg,640,750,neutral,10,115,564,687
94_32_jpg.rf.3f2c3e410850831a321af920b2678b4b.jpg,640,750,neutral,185,249,594,669
56_34_jpg.rf.1947ccab1f4f94d492a25b14a04539b9.jpg,640,750,sad,225,231,541,628
26_13_jpg.rf.0ece9070b256f5dd9d9ee6aa6d34bb6e.jpg,640,750,happy,110,128,570,669
134_17_jpg.rf.abaa6dfacee99b06696e1fe36d58ca1f.jpg,640,750,neutral,27,0,640,687
51_10_jpg.rf.0b87fba1c17f9d157d45138185d73da3.jpg,640,750,happy,158,234,513,655
59_32_jpg.rf.4b598a1a75c2c780c16f482583c4c133.jpg,640,750,neutral,136,194,510,634
42_34_jpg.rf.b1fdf1bdece216f59ca8f2d0f0e9a07e.jpg,640,750,neutral,122,212,496,644
124_34_jpg.rf.b86447b436df4289d205ed2da84d4dce.jpg,640,750,neutral,170,208,543,623
90_13_jpg.rf.c8fa3a5a33891c6c41883e6f266747ee.jpg,640,750,sad,38,165,441,660
126_28_jpg.rf.5037370569dbf885c887d6a4453cee40.jpg,640,750,sad,96,208,469,645
48_8_jpg.rf.337e18ab98d5b229b181257b5bb74923.jpg,640,750,neutral,149,219,514,633
102_27_jpg.rf.e4df4ea1e8dbc8eb7ab7e875e9280c85.jpg,640,750,sad,168,198,540,625
21_15_jpg.rf.eb7a3e3e94cf190c3eeb9134255d3dca.jpg,640,750,sad,69,183,477,676
86_17_jpg.rf.935a7de843571a42e500ac7fc62a51d6.jpg,640,750,happy,89,95,609,647
3_28_jpg.rf.5cceb7dd54c648fa71e86053379e2d1c.jpg,640,750,happy,164,162,589,683
93_27_jpg.rf.d38611378e6ecc97584efafde10951ee.jpg,640,750,sad,216,241,531,629
15_13_jpg.rf.c090088feff727f8ed2a56b624b9c94e.jpg,640,750,neutral,57,86,605,644
19_16_jpg.rf.4716937a6a7e2808c4a017d0be4444b1.jpg,640,750,neutral,42,87,560,704
5_2_jpg.rf.29b6fd3183b6ec67d382ad62b598553e.jpg,640,750,happy,191,241,550,648
107_30_jpg.rf.4b10e1ea4d0a578665d68fc60717e92d.jpg,640,750,neutral,80,160,540,675
24_2_jpg.rf.90d3a90a7c9d738a03a3e20d6590abfa.jpg,640,750,neutral,6,64,601,685
23_28_jpg.rf.f060cc26627e8f789317a84d9d220bad.jpg,640,750,sad,189,203,582,652
96_16_jpg.rf.77707b1f4ae8fe23d9ee81e8c7057ffa.jpg,640,750,sad,32,152,487,645
99_6_jpg.rf.bdb0d88b7e321b45016c26e88142b552.jpg,640,750,neutral,123,182,519,652
30_20_jpg.rf.567ed58b44e3b9809a397bf1ab5da050.jpg,640,750,happy,26,120,577,736
52_6_jpg.rf.e688a94b8a516b08938cb7b67388b096.jpg,640,750,happy,149,208,555,654
105_9_jpg.rf.dae5560d1629335f92bc6e64c02d8ec4.jpg,640,750,sad,179,221,538,627
5_27_jpg.rf.d5d64e8f7b7b5bfd66c1c43809227a23.jpg,640,750,neutral,97,246,450,639
19_16_jpg.rf.26efd2d3f8d8a36a4cf4b737791c049a.jpg,640,750,neutral,41,47,573,665
73_18_jpg.rf.8126792f3c4a11e4bf738fd9e83759d3.jpg,640,750,sad,143,239,506,634
112_9_jpg.rf.f090f47995eb08c47c8c36e49502a6ef.jpg,640,750,happy,26,186,503,698
5_1_jpg.rf.ccbbec403341ff1e669d36c35dead080.jpg,640,750,sad,97,251,556,716
31_29_jpg.rf.96d92738b74b980a8578af81bcb51a9c.jpg,640,750,sad,202,228,556,680
43_15_jpg.rf.bf67e705aef56827b1da556b802e6428.jpg,640,750,neutral,66,166,511,714
3_28_jpg.rf.2de0e6019387f17bb2a40fde0d8aa525.jpg,640,750,happy,65,165,481,671
117_0_jpg.rf.f2c670bd70c6b09716e64a523cc64367.jpg,640,750,happy,23,174,569,750
2_2_jpg.rf.047846642615f3df96f51ff5c48bab03.jpg,640,750,sad,111,174,590,683
7_24_jpg.rf.617083a52127ee4f1e6cf0ea4cb9cac1.jpg,640,750,neutral,75,99,578,645
51_21_jpg.rf.6ab9823e601637403ff31fd961b82754.jpg,640,750,sad,67,257,465,693
120_10_jpg.rf.3ca97e107c77d086993c9a80ba72e75d.jpg,640,750,sad,137,192,609,701
9_18_jpg.rf.70eb8a9804fa952f98fc03fbde1fb327.jpg,640,750,sad,202,227,534,625
121_9_jpg.rf.7cd03cd296fb25debcb7d32e37a9f3c1.jpg,640,750,neutral,72,236,482,680
119_16_jpg.rf.e8e93ef4ca3c97561826dd077ff2d61e.jpg,640,750,happy,113,211,570,696
20_11_jpg.rf.70a95ed79591f2630e7c82b25010b605.jpg,640,750,happy,49,123,567,699
32_21_jpg.rf.620e2879f007e533417f95a4c95850ea.jpg,640,750,happy,129,176,514,662
29_13_jpg.rf.bcebe3f39e8960fbd1d40d71db8ba31f.jpg,640,750,sad,53,221,479,723
131_0_jpg.rf.08ea4bffb2c039cad492bc3f700f992f.jpg,640,750,sad,53,177,451,616
41_3_jpg.rf.d5e038222c96c26e0df1865e47c12e2b.jpg,640,750,sad,49,185,586,740
120_2_jpg.rf.77ce1df81dd5d01f05a3e05c7de624d4.jpg,640,750,sad,106,227,451,617
36_29_jpg.rf.a25473561e627ab3200e74203fc65562.jpg,640,750,neutral,128,222,516,652
74_0_jpg.rf.1db4b573377b42c04841bd638456f636.jpg,640,750,happy,168,201,550,647
116_20_jpg.rf.4be495b264e917352bca8d93acf64b8f.jpg,640,750,neutral,136,207,503,633
73_25_jpg.rf.7bf081cbe7bd9c82ff5e8aa4c4eff4f4.jpg,640,750,happy,92,220,457,655
137_9_jpg.rf.c00613aeed54b3cf49cac4e59959e827.jpg,640,750,sad,144,172,624,678
39_7_jpg.rf.7617c11f0fc9a96923cfa4d195f50cad.jpg,640,750,neutral,89,169,486,674
11_7_jpg.rf.a783325edb7f580c0d139093e6f09be3.jpg,640,750,happy,204,207,557,647
66_8_jpg.rf.95e9e839d35be0af8f84114b76712b0f.jpg,640,750,happy,184,212,577,668
17_34_jpg.rf.c02ea929b25c175a689baf0a8410e94e.jpg,640,750,neutral,119,217,525,643
91_25_jpg.rf.9ede18d342c7c71f1b6d4c379c71ef89.jpg,640,750,neutral,111,199,529,672
71_33_jpg.rf.acda6fc858030d364ddd07e2701b245e.jpg,640,750,neutral,105,171,605,702
58_15_jpg.rf.1b4240a7cb55b81d0fdd24e347e9ebdc.jpg,640,750,neutral,144,226,503,627
73_12_jpg.rf.2e43b79af9fb6e8c3890862211bc46db.jpg,640,750,happy,76,177,527,684
55_14_jpg.rf.0f3b23203a98be47132779e8eb3a6c03.jpg,640,750,sad,92,180,543,683
66_18_jpg.rf.bd5c3a957d147809fa98bee8f756e44c.jpg,640,750,sad,125,185,563,660
18_7_jpg.rf.27d3a9191c17d12f797de784aa607738.jpg,640,750,neutral,68,145,593,736
128_34_jpg.rf.de612e5647d87e560659e335e205c9a1.jpg,640,750,sad,156,188,589,667
93_27_jpg.rf.7bf4e988ad3d791ab711365e8a6bffe2.jpg,640,750,sad,167,224,560,674
50_7_jpg.rf.2f8b1d3e94b4d995832e0ede9a3fae65.jpg,640,750,neutral,71,146,530,663
2_20_jpg.rf.bf5c00a5a90f0c719037be3cf610bfc3.jpg,640,750,neutral,111,135,616,711
39_19_jpg.rf.2c38bb48086e9319b44331c95a69b155.jpg,640,750,happy,69,151,511,693
47_25_jpg.rf.a8d5419232f3dd5d7e2916b61b1171cf.jpg,640,750,sad,164,150,613,640
34_34_jpg.rf.20d99b86348d747620910ef0713d1b65.jpg,640,750,sad,100,221,423,630
27_29_jpg.rf.6fbe63a6d1fdc5713ad9a6cbb03f0fd7.jpg,640,750,sad,192,214,546,635
103_22_jpg.rf.247bec55ac212caa457e986ae511944f.jpg,640,750,neutral,173,170,556,668
29_19_jpg.rf.fb7e156707e251ceeede257edb35d933.jpg,640,750,sad,135,206,507,684
130_18_jpg.rf.0ea273d6325c2be329918fc67a3ca9e8.jpg,640,750,neutral,53,133,525,695
78_22_jpg.rf.e1c39385c9d76b448586c9e9b886c467.jpg,640,750,neutral,77,131,570,687
29_24_jpg.rf.50c130d07b56a8e5c0f9be26376bf9bd.jpg,640,750,happy,98,130,519,669
90_16_jpg.rf.986ab2248c270f9e0088e5c9b6d250c8.jpg,640,750,sad,83,221,389,654
74_25_jpg.rf.3cdad288e9cb661ebe29ec6e20f1a6dc.jpg,640,750,happy,142,187,508,635
5_6_jpg.rf.dd9eda19bf4434161b84ee58b5bfaf2c.jpg,640,750,happy,141,295,515,659
79_20_jpg.rf.d0a5ed8e26c6021bb6b11218b8e16945.jpg,640,750,happy,169,156,612,732
36_29_jpg.rf.1e7093ee52cc7029f6745e493eccacd8.jpg,640,750,neutral,135,199,544,645
115_25_jpg.rf.e9c49f5e670f2b6a9324ad4a39c30277.jpg,640,750,happy,41,208,507,743
131_6_jpg.rf.5e772fd6f22ce6836c4caf7e2e2e658d.jpg,640,750,neutral,144,216,512,605
51_1_jpg.rf.b179850c5b0b7a804874f19fce5e988b.jpg,640,750,sad,108,172,560,648
115_32_jpg.rf.b95bc37fd214c5a671d67406ce4e2e7f.jpg,640,750,neutral,129,208,496,635
61_32_jpg.rf.e14e3a1b54c5cabe81a91ff21df819c8.jpg,640,750,neutral,49,118,555,691
12_13_jpg.rf.550c734700e752c6a54fcd5aeb1d0aeb.jpg,640,750,happy,97,102,505,637
7_15_jpg.rf.ff2448c41b7b8c94de56b2a2265791df.jpg,640,750,neutral,43,125,607,685
123_28_jpg.rf.3d9204ab29fadaad1105c459347f2757.jpg,640,750,happy,57,165,529,700
103_29_jpg.rf.027bcd6c0ece2fc57fe5e62101678d69.jpg,640,750,happy,135,203,521,651
91_18_jpg.rf.a3f1f67ab922eaa411b5262e2e34f32f.jpg,640,750,neutral,5,60,552,650
25_25_jpg.rf.df39879e752ca67ebec0927e051e0e71.jpg,640,750,sad,117,209,527,659
34_21_jpg.rf.a17d4458f455d68f2e4bc90eee54f365.jpg,640,750,neutral,134,213,573,725
56_22_jpg.rf.273ffd990b529e68340ddca99f8c08e0.jpg,640,750,neutral,153,158,552,644
51_13_jpg.rf.bc6975b1b26bdbf9bb03b063a60c4b25.jpg,640,750,happy,30,188,481,691
72_9_jpg.rf.0c474410d05adb7832e1ddce08d2b144.jpg,640,750,neutral,96,131,544,618
110_1_jpg.rf.74b14f9faee5de5cae54418055fb177c.jpg,640,750,happy,122,175,535,649
134_9_jpg.rf.bb06379d69b9d8c5901997ff3776b64d.jpg,640,750,sad,30,218,498,720
72_9_jpg.rf.92f9c8985dfc0b3aeea7b0676ff707e5.jpg,640,750,neutral,44,84,597,665
106_33_jpg.rf.ef2c5374a67c4c69e0507a08badccb28.jpg,640,750,neutral,80,189,527,708
38_26_jpg.rf.a9145088092354ff04a885686e550b41.jpg,640,750,sad,31,118,607,726
10_13_jpg.rf.023de9030cf42764443a943784a77d18.jpg,640,750,happy,51,203,573,714
104_32_jpg.rf.ed5b7e30ab14ed535586de3959624af8.jpg,640,750,neutral,100,205,556,708
52_32_jpg.rf.164dc1d1677d1e7e38e560e825371784.jpg,640,750,happy,131,202,508,650
130_18_jpg.rf.b5555f1b55be949c396fa929251162a6.jpg,640,750,neutral,131,181,491,652
30_31_jpg.rf.e9536b00e6d00a431f92b95b65ade46a.jpg,640,750,neutral,77,66,637,673
4_16_jpg.rf.ffe1e6093c49e032fdd432b8dc3128e6.jpg,640,750,happy,165,194,567,644
10_13_jpg.rf.08373bda216a76f8d1ca97c38fa8577e.jpg,640,750,happy,120,234,552,654
41_18_jpg.rf.0f6c7a01dfd9c65fd70ca6cd154cf3a0.jpg,640,750,happy,47,176,573,738
111_22_jpg.rf.409e456c39d5f1b6a60f24c858c34365.jpg,640,750,sad,220,251,535,629
44_3_jpg.rf.f7e0ac0d744a74c484db4325954e0d04.jpg,640,750,happy,145,213,542,671
72_6_jpg.rf.7ec2416d61c284c18e173473d287dd99.jpg,640,750,sad,203,231,569,626
45_33_jpg.rf.f026bd9b16d4ec2339a5a608a9a64794.jpg,640,750,neutral,202,239,559,642
24_2_jpg.rf.aa7c4d3c0387b624c7718c0de6bd892a.jpg,640,750,neutral,48,117,535,633
87_28_jpg.rf.1a1098551738a8f89b94a24b53deba85.jpg,640,750,sad,90,96,590,680
65_16_jpg.rf.f75e8bbe6bc9d432f4d3ad68606bb7bd.jpg,640,750,neutral,111,165,567,673
62_10_jpg.rf.0120886f955ab6da1220a9e9445be91f.jpg,640,750,happy,111,278,459,656
103_21_jpg.rf.786baff2823d19b99cec5e8b2b172957.jpg,640,750,neutral,42,190,496,707
15_9_jpg.rf.134aeaf942391b49c8d61c1ff68675c2.jpg,640,750,neutral,140,188,492,649
122_34_jpg.rf.9414ad9acc612ebd8bc570ea86ffe2fb.jpg,640,750,happy,21,123,569,726
43_29_jpg.rf.5ed76c19aac0b28c17b1b2645e04ccee.jpg,640,750,sad,125,147,532,662
20_25_jpg.rf.9c6e46bb106649b78916397d87764512.jpg,640,750,sad,140,183,540,637
31_21_jpg.rf.9927738140a74c3e93f546b702d53442.jpg,640,750,neutral,137,213,496,642
88_4_jpg.rf.4afb14eac1d028fc349b3cc806356734.jpg,640,750,neutral,147,197,537,624
31_21_jpg.rf.59776a07901fcb1ccf647ae35613e503.jpg,640,750,neutral,83,185,562,721
90_1_jpg.rf.40a0cb91788f39c7491cb90d391608fa.jpg,640,750,neutral,90,87,584,663
91_18_jpg.rf.5e23a0d3a0ac7bca01c01e8ca38a3c6d.jpg,640,750,neutral,0,0,640,750
95_4_jpg.rf.e996836720342cad5ae86f16a9b14a0c.jpg,640,750,sad,55,169,534,681
54_27_jpg.rf.efb2fd76bf1af7daa6fb33a97a20d57d.jpg,640,750,happy,160,205,543,657
98_17_jpg.rf.493a48a9783b77564ce8643013a31cd2.jpg,640,750,happy,17,26,624,701
31_21_jpg.rf.d8c05bae4f2d1cf6e2bf26567b0cd8ba.jpg,640,750,neutral,130,206,516,657
116_8_jpg.rf.6a98c2483f6937e1c09314a927f40bd7.jpg,640,750,happy,88,155,446,626
98_17_jpg.rf.3e2b2497bf7e94c264162d37894b995f.jpg,640,750,happy,34,37,602,693
15_9_jpg.rf.2ca8d88254e848edd532076493c04642.jpg,640,750,neutral,106,162,529,675
82_4_jpg.rf.ae9e1d0f24dcf07bc874e537ebfa88b5.jpg,640,750,neutral,139,202,518,640
133_21_jpg.rf.3986d7c43f97dcf34046282ee5758724.jpg,640,750,sad,143,122,626,641
98_34_jpg.rf.ca6062333d1cdbb2ef3a84c1af95bc01.jpg,640,750,neutral,106,180,576,637
103_29_jpg.rf.68b1acd6177f538985bed296d6509df4.jpg,640,750,happy,22,159,533,726
134_9_jpg.rf.78832bca3ab1460d45db337f28d7b43a.jpg,640,750,sad,97,219,514,675
52_32_jpg.rf.6fce4a37b3687a9a67ce3017df96100d.jpg,640,750,happy,113,188,520,662
0_24_jpg.rf.f137c4791dbd15a7023503bdac8d7bbd.jpg,640,750,happy,124,208,527,645
42_28_jpg.rf.659436aefd594dbaa44f259dc934e487.jpg,640,750,neutral,180,208,557,644
56_22_jpg.rf.121e261e4cb530f164bb938ab8ea703c.jpg,640,750,neutral,56,196,475,684
100_0_jpg.rf.bf798dc9f565932d45309eed32f50e92.jpg,640,750,neutral,151,198,539,652
88_7_jpg.rf.52360f206481e935449338c01a75dc73.jpg,640,750,sad,54,160,595,725
73_25_jpg.rf.49c33a0ff9ff59c564ffd7b44120a278.jpg,640,750,happy,165,212,553,671
62_10_jpg.rf.2768b2857b629c430c34aa8a4b69b7b3.jpg,640,750,happy,174,241,611,703
50_7_jpg.rf.09447866e3eddd8a4cd88c08979f37e1.jpg,640,750,neutral,102,156,530,648
58_11_jpg.rf.2af4d6643bbecf73c023623f52449edb.jpg,640,750,neutral,161,211,562,649
95_4_jpg.rf.9377d6bd86ae31ca60fd46d6bbc0d206.jpg,640,750,sad,92,205,469,629
58_11_jpg.rf.85764cb89a33a615118d24c60a669e37.jpg,640,750,neutral,51,204,498,686
65_16_jpg.rf.952a162a30ce21f67b668f02dcca4316.jpg,640,750,neutral,99,230,487,675
0_24_jpg.rf.a87019c3329b0ef8588467c5bb6ef029.jpg,640,750,happy,55,160,586,717
20_25_jpg.rf.7ae8ece6769e063b5fff225f6bc98e41.jpg,640,750,sad,119,130,600,663
7_15_jpg.rf.c06f0b95dadbbf808f430bc5dbf82aa8.jpg,640,750,neutral,32,135,600,700
104_32_jpg.rf.2b6c887351aeb2b06dd2f1f7fda501b8.jpg,640,750,neutral,154,227,516,641
64_19_jpg.rf.b62ecaa7833517f1411b1edfe0c1812d.jpg,640,750,neutral,79,156,553,633
39_13_jpg.rf.93f059f66f6c37f908168b25fe753786.jpg,640,750,sad,201,182,591,675
97_1_jpg.rf.ae725b21fe0492f484403f16c71b0ef7.jpg,640,750,neutral,25,84,632,750
32_21_jpg.rf.3d65964541302baeef305b43b5743c0e.jpg,640,750,happy,101,150,553,687
116_8_jpg.rf.fc1367f098d57e4fb7d5edd23aa3637f.jpg,640,750,happy,171,142,602,652
138_10_jpg.rf.672f75240e923cc672e2cdd45bb2211d.jpg,640,750,happy,131,156,588,688
115_25_jpg.rf.0b9991c6a2a7ffa4253f750c40238a54.jpg,640,750,happy,208,220,563,652
81_27_jpg.rf.b476b695e6344a98f2aebe1b363309f0.jpg,640,750,neutral,144,195,503,629